,% difference,area,new price,old price,price difference,property area,rooms,type,zip code
0,-5 %,93 m²,6.500.000,6.200.000,-300.000,0 m²,2, Ejerlejlighed,1051 København K
1,-1 %,80 m²,4.150.000,4.100.000,-50.000,0 m²,2, Ejerlejlighed,1055 København K
2,-6 %,76 m²,4.800.000,4.495.000,-305.000,0 m²,3, Ejerlejlighed,1123 København K
3,-5 %,104 m²,6.650.000,6.295.000,-355.000,229 m²,3, Ejerlejlighed,1150 København K
4,-3 %,73 m²,3.350.000,3.250.000,-100.000,0 m²,2, Ejerlejlighed,1302 København K
5,-17 %,64 m²,2.995.000,2.495.000,-500.000,0 m²,2, Ejerlejlighed,1307 København K
6,-6 %,255 m²,15.995.000,14.995.000,-1.000.000,0 m²,7, Ejerlejlighed,1357 København K
7,-12 %,274 m²,25.000.000,22.000.000,-3.000.000,0 m²,2, Ejerlejlighed,1407 København K
8,-4 %,114 m²,5.300.000,5.095.000,-205.000,0 m²,3, Ejerlejlighed,1432 København K
9,-5 %,109 m²,5.795.000,5.500.000,-295.000,0 m²,3, Ejerlejlighed,1437 København K
10,-3 %,113 m²,6.495.000,6.295.000,-200.000,0 m²,4, Ejerlejlighed,1561 København V
11,-1 %,70 m²,2.375.000,2.345.000,-30.000,0 m²,2, Ejerlejlighed,1666 København V
12,-6 %,85 m²,1.795.120,1.695.000,-100.120,0 m²,3, Andelsbolig,1704 København V
13,-5 %,85 m²,2.835.867,2.685.467,-150.400,0 m²,4, Andelsbolig,1709 København V
14,-4 %,77 m²,3.995.000,3.845.000,-150.000,0 m²,3, Ejerlejlighed,1725 København V
15,-5 %,137 m²,8.799.000,8.395.000,-404.000,75 m²,6, Rækkehus,1770 København V
16,-4 %,153 m²,7.495.000,7.195.000,-300.000,0 m²,6, Ejerlejlighed,1800 Frederiksberg C
17,-4 %,179 m²,11.995.000,11.495.000,-500.000,0 m²,4, Ejerlejlighed,1809 Frederiksberg C
18,-3 %,90 m²,4.795.000,4.645.000,-150.000,0 m²,3, Ejerlejlighed,1817 Frederiksberg C
19,-2 %,126 m²,6.500.000,6.350.000,-150.000,0 m²,4, Ejerlejlighed,1820 Frederiksberg C
20,-8 %,111 m²,5.995.000,5.495.000,-500.000,0 m²,4, Ejerlejlighed,1824 Frederiksberg C
21,-5 %,191 m²,10.995.000,10.495.000,-500.000,654 m²,6, Villalejlighed,1826 Frederiksberg C
22,-3 %,182 m²,8.500.000,8.250.000,-250.000,0 m²,7, Ejerlejlighed,1850 Frederiksberg C
23,-3 %,80 m²,3.095.000,2.995.000,-100.000,0 m²,3, Ejerlejlighed,2000 Frederiksberg
24,-3 %,43 m²,2.245.000,2.175.000,-70.000,0 m²,2, Ejerlejlighed,2000 Frederiksberg
25,-4 %,28 m²,1.450.000,1.395.000,-55.000,0 m²,1, Ejerlejlighed,2000 Frederiksberg
26,-7 %,187 m²,10.500.000,9.750.000,-750.000,307 m²,6, Rækkehus,2000 Frederiksberg
27,-4 %,96 m²,3.795.000,3.645.000,-150.000,0 m²,3, Ejerlejlighed,2000 Frederiksberg
28,-4 %,65 m²,2.395.000,2.295.000,-100.000,0 m²,2, Ejerlejlighed,2000 Frederiksberg
29,-4 %,97 m²,4.695.000,4.495.000,-200.000,0 m²,3, Ejerlejlighed,2000 Frederiksberg
30,-3 %,89 m²,4.495.000,4.375.000,-120.000,0 m²,4, Ejerlejlighed,2100 København Ø
31,-3 %,110 m²,5.645.000,5.495.000,-150.000,2.931 m²,3, Ejerlejlighed,2100 København Ø
32,-3 %,74 m²,3.695.000,3.575.000,-120.000,524 m²,3, Ejerlejlighed,2100 København Ø
33,-3 %,79 m²,3.700.000,3.600.000,-100.000,0 m²,3, Ejerlejlighed,2100 København Ø
34,-4 %,96 m²,4.965.000,4.780.000,-185.000,0 m²,4, Ejerlejlighed,2100 København Ø
35,-6 %,229 m²,16.500.000,15.500.000,-1.000.000,0 m²,6, Ejerlejlighed,2100 København Ø
36,-4 %,78 m²,3.645.000,3.495.000,-150.000,0 m²,2, Ejerlejlighed,2100 København Ø
37,-3 %,104 m²,5.175.000,4.995.000,-180.000,0 m²,3, Ejerlejlighed,2100 København Ø
38,-7 %,181 m²,7.495.000,6.995.000,-500.000,0 m²,6, Ejerlejlighed,2100 København Ø
39,-3 %,178 m²,7.495.000,7.250.000,-245.000,0 m²,5, Ejerlejlighed,2100 København Ø
40,-3 %,123 m²,6.995.000,6.800.000,-195.000,0 m²,4, Ejerlejlighed,2100 København Ø
41,-3 %,182 m²,9.495.000,9.250.000,-245.000,0 m²,5, Ejerlejlighed,2100 København Ø
42,-3 %,129 m²,7.200.000,6.995.000,-205.000,403 m²,6, Ejerlejlighed,2100 København Ø
43,-5 %,124 m²,9.495.000,8.995.000,-500.000,0 m²,3, Ejerlejlighed,2100 København Ø
44,-6 %,78 m²,4.245.000,3.995.000,-250.000,0 m²,3, Ejerlejlighed,2100 København Ø
45,-6 %,152 m²,11.750.000,10.999.000,-751.000,88 m²,5, Rækkehus,2100 København Ø
46,-2 %,89 m²,4.395.000,4.295.000,-100.000,0 m²,4, Ejerlejlighed,2100 København Ø
47,-3 %,66 m²,2.895.000,2.795.000,-100.000,0 m²,2, Ejerlejlighed,2100 København Ø
48,-3 %,44 m²,1.695.000,1.645.000,-50.000,0 m²,1, Ejerlejlighed,2100 København Ø
49,-3 %,137 m²,7.500.000,7.250.000,-250.000,0 m²,4, Ejerlejlighed,2100 København Ø
50,-8 %,275 m²,12.900.000,11.900.000,-1.000.000,0 m²,6, Ejerlejlighed,2100 København Ø
51,-5 %,102 m²,4.750.000,4.495.000,-255.000,0 m²,4, Ejerlejlighed,2100 København Ø
52,-3 %,225 m²,7.695.000,7.495.000,-200.000,0 m²,5, Ejerlejlighed,2100 København Ø
53,-4 %,57 m²,2.495.000,2.395.000,-100.000,0 m²,2, Ejerlejlighed,2100 København Ø
54,-3 %,81 m²,3.995.000,3.875.000,-120.000,0 m²,4, Ejerlejlighed,2100 København Ø
55,-5 %,237 m²,9.995.000,9.495.000,-500.000,0 m²,7, Ejerlejlighed,2100 København Ø
56,-5 %,49 m²,2.695.000,2.550.000,-145.000,0 m²,2, Ejerlejlighed,2100 København Ø
57,-3 %,100 m²,4.650.000,4.495.000,-155.000,0 m²,4, Ejerlejlighed,2100 København Ø
58,-6 %,57 m²,2.395.000,2.250.000,-145.000,0 m²,2, Ejerlejlighed,2100 København Ø
59,-6 %,69 m²,3.395.000,3.195.000,-200.000,0 m²,3, Ejerlejlighed,2100 København Ø
60,-3 %,141 m²,8.995.000,8.750.000,-245.000,0 m²,4, Ejerlejlighed,2150 Nordhavn
61,-6 %,253 m²,8.995.000,8.500.000,-495.000,0 m²,6, Ejerlejlighed,2200 København N
62,-3 %,50 m²,2.995.000,2.895.000,-100.000,0 m²,2, Ejerlejlighed,2200 København N
63,-3 %,52 m²,1.849.000,1.799.000,-50.000,0 m²,2, Ejerlejlighed,2200 København N
64,-4 %,90 m²,5.495.000,5.250.000,-245.000,0 m²,4, Ejerlejlighed,2200 København N
65,-2 %,94 m²,4.895.000,4.775.000,-120.000,0 m²,4, Ejerlejlighed,2200 København N
66,-5 %,107 m²,6.295.000,5.998.000,-297.000,0 m²,5, Ejerlejlighed,2200 København N
67,-5 %,51 m²,2.095.000,1.995.000,-100.000,0 m²,2, Ejerlejlighed,2200 København N
68,-3 %,68 m²,3.395.000,3.295.000,-100.000,0 m²,3, Ejerlejlighed,2200 København N
69,-3 %,70 m²,2.475.000,2.395.000,-80.000,0 m²,3, Ejerlejlighed,2200 København N
70,-3 %,74 m²,3.495.000,3.395.000,-100.000,0 m²,3, Ejerlejlighed,2200 København N
71,-4 %,140 m²,12.500.000,11.995.000,-505.000,0 m²,4, Ejerlejlighed,2300 København S
72,-3 %,38 m²,1.445.000,1.395.000,-50.000,0 m²,1, Ejerlejlighed,2300 København S
73,-5 %,56 m²,1.995.000,1.899.000,-96.000,0 m²,2, Ejerlejlighed,2300 København S
74,-3 %,90 m²,4.345.000,4.195.000,-150.000,628 m²,4, Villa,2300 København S
75,-6 %,51 m²,1.745.000,1.645.000,-100.000,0 m²,2, Ejerlejlighed,2300 København S
76,-1 %,193 m²,6.899.000,6.799.000,-100.000,547 m²,8, Villa,2300 København S
77,-3 %,182 m²,7.995.000,7.795.000,-200.000,473 m²,7, Villa,2300 København S
78,-3 %,54 m²,2.298.000,2.238.000,-60.000,0 m²,2, Ejerlejlighed,2300 København S
79,-4 %,66 m²,2.895.000,2.790.000,-105.000,0 m²,2, Ejerlejlighed,2300 København S
80,-1 %,106 m²,4.095.000,4.045.000,-50.000,35 m²,4, Rækkehus,2300 København S
81,-2 %,108 m²,4.695.000,4.595.000,-100.000,0 m²,3, Ejerlejlighed,2300 København S
82,-5 %,51 m²,2.095.000,1.995.000,-100.000,0 m²,2, Ejerlejlighed,2300 København S
83,-5 %,151 m²,6.500.000,6.200.000,-300.000,0 m²,2, Ejerlejlighed,2300 København S
84,-5 %,116 m²,6.495.000,6.195.000,-300.000,0 m²,4, Ejerlejlighed,2300 København S
85,-5 %,62 m²,2.095.000,1.995.000,-100.000,0 m²,2, Ejerlejlighed,2300 København S
86,-2 %,92 m²,4.195.000,4.095.000,-100.000,200 m²,4, Rækkehus,2300 København S
87,-4 %,110 m²,5.195.000,4.995.000,-200.000,0 m²,3, Ejerlejlighed,2300 København S
88,-4 %,79 m²,5.000.000,4.800.000,-200.000,322 m²,4, Villa,2300 København S
89,-1 %,89 m²,4.849.000,4.799.000,-50.000,0 m²,4, Ejerlejlighed,2300 København S
90,-7 %,119 m²,6.250.000,5.795.000,-455.000,0 m²,5, Ejerlejlighed,2300 København S
91,-3 %,95 m²,2.595.000,2.525.000,-70.000,0 m²,4, Ejerlejlighed,2300 København S
92,-6 %,73 m²,2.225.000,2.100.000,-125.000,0 m²,3, Ejerlejlighed,2400 København NV
93,-12 %,103 m²,4.500.000,3.950.000,-550.000,0 m²,6, Villa,2450 København SV
94,-3 %,81 m²,3.495.000,3.395.000,-100.000,0 m²,2, Ejerlejlighed,2450 København SV
95,-2 %,98 m²,4.495.000,4.395.000,-100.000,0 m²,3, Ejerlejlighed,2450 København SV
96,-5 %,95 m²,3.895.000,3.695.000,-200.000,0 m²,3, Ejerlejlighed,2450 København SV
97,-6 %,50 m²,1.695.000,1.595.000,-100.000,0 m²,2, Ejerlejlighed,2450 København SV
98,-4 %,96 m²,4.145.000,3.998.000,-147.000,0 m²,4, Ejerlejlighed,2450 København SV
99,-3 %,110 m²,4.125.000,3.995.000,-130.000,0 m²,4, Ejerlejlighed,2450 København SV
100,-4 %,115 m²,4.595.000,4.395.000,-200.000,0 m²,4, Ejerlejlighed,2450 København SV
101,-32 %,169 m²,3.695.000,2.500.000,-1.195.000,737 m²,5, Villa,2500 Valby
102,-5 %,235 m²,9.995.000,9.495.000,-500.000,687 m²,7, Villa,2500 Valby
103,-4 %,144 m²,4.999.000,4.799.000,-200.000,680 m²,7, Villalejlighed,2500 Valby
104,-15 %,120 m²,1.998.000,1.698.000,-300.000,0 m²,4, Villa,2500 Valby
105,-4 %,160 m²,6.798.000,6.498.000,-300.000,776 m²,6, Villalejlighed,2500 Valby
106,-4 %,139 m²,3.495.000,3.350.000,-145.000,709 m²,6, Villa,2600 Glostrup
107,-4 %,121 m²,2.695.000,2.595.000,-100.000,0 m²,5, Ejerlejlighed,2605 Brøndby
108,-13 %,102 m²,2.295.000,1.995.000,-300.000,636 m²,4, Villa,2610 Rødovre
109,-4 %,140 m²,3.645.000,3.495.000,-150.000,759 m²,5, Villa,2610 Rødovre
110,-6 %,92 m²,3.195.000,2.995.000,-200.000,742 m²,4, Villalejlighed,2610 Rødovre
111,-9 %,100 m²,3.495.000,3.195.000,-300.000,1.126 m²,4, Villa,2610 Rødovre
112,-5 %,93 m²,3.695.000,3.495.000,-200.000,617 m²,4, Villa,2610 Rødovre
113,-6 %,92 m²,3.195.000,2.995.000,-200.000,220 m²,3, Rækkehus,2610 Rødovre
114,-8 %,94 m²,3.795.000,3.495.000,-300.000,765 m²,4, Villa,2610 Rødovre
115,-1 %,130 m²,3.065.000,3.049.000,-16.000,156 m²,5, Rækkehus,2620 Albertslund
116,-3 %,104 m²,2.995.000,2.895.000,-100.000,700 m²,3, Villa,2620 Albertslund
117,-2 %,108 m²,2.525.000,2.475.000,-50.000,130 m²,4, Rækkehus,2620 Albertslund
118,-4 %,152 m²,4.495.000,4.295.000,-200.000,750 m²,6, Villa,2625 Vallensbæk
119,-1 %,159 m²,3.745.000,3.695.000,-50.000,823 m²,5, Villa,2630 Taastrup
120,-3 %,134 m²,3.395.000,3.295.000,-100.000,857 m²,5, Villa,2630 Taastrup
121,-4 %,97 m²,2.650.000,2.550.000,-100.000,734 m²,3, Villa,2630 Taastrup
122,-5 %,117 m²,2.575.000,2.450.000,-125.000,201 m²,4, Rækkehus,2635 Ishøj
123,-3 %,183 m²,4.295.000,4.175.000,-120.000,737 m²,5, Villa,2635 Ishøj
124,-3 %,149 m²,3.200.000,3.100.000,-100.000,539 m²,5, Villa,2640 Hedehusene
125,-6 %,161 m²,3.300.000,3.100.000,-200.000,1.224 m²,6, Villa,2640 Hedehusene
126,-5 %,165 m²,3.695.000,3.498.000,-197.000,794 m²,6, Villa,2650 Hvidovre
127,-5 %,131 m²,4.750.000,4.495.000,-255.000,419 m²,4, Rækkehus,2650 Hvidovre
128,-3 %,167 m²,3.875.000,3.745.000,-130.000,682 m²,6, Villa,2650 Hvidovre
129,-4 %,115 m²,4.150.000,3.995.000,-155.000,590 m²,5, Villa,2650 Hvidovre
130,-4 %,75 m²,2.595.000,2.495.000,-100.000,0 m²,3, Ejerlejlighed,2650 Hvidovre
131,-1 %,159 m²,3.275.000,3.245.000,-30.000,821 m²,5, Villa,2660 Brøndby Strand
132,-2 %,165 m²,4.275.000,4.175.000,-100.000,661 m²,6, Villa,2660 Brøndby Strand
133,-7 %,121 m²,2.480.000,2.300.000,-180.000,303 m²,4, Rækkehus,2660 Brøndby Strand
134,-6 %,119 m²,3.195.000,2.995.000,-200.000,1.074 m²,4, Villa,2665 Vallensbæk Str.
135,-3 %,188 m²,5.395.000,5.250.000,-145.000,1.381 m²,8, Villa,2665 Vallensbæk Str.
136,-6 %,39 m²,850.000,795.000,-55.000,0 m²,1, Ejerlejlighed,2665 Vallensbæk Str.
137,-4 %,167 m²,5.595.000,5.395.000,-200.000,670 m²,5, Villa,2665 Vallensbæk Str.
138,-4 %,140 m²,3.695.000,3.545.000,-150.000,766 m²,4, Villa,2670 Greve
139,-3 %,184 m²,3.198.000,3.098.000,-100.000,884 m²,5, Villa,2670 Greve
140,-3 %,81 m²,1.995.000,1.945.000,-50.000,0 m²,3, Ejerlejlighed,2670 Greve
141,-2 %,96 m²,2.295.000,2.245.000,-50.000,177 m²,4, Rækkehus,2670 Greve
142,-4 %,178 m²,3.649.000,3.495.000,-154.000,1.312 m²,4, Villa,2670 Greve
143,-2 %,89 m²,2.645.000,2.595.000,-50.000,788 m²,3, Villa,2670 Greve
144,-5 %,185 m²,5.495.000,5.245.000,-250.000,788 m²,6, Villa,2680 Solrød Strand
145,-4 %,129 m²,2.645.000,2.545.000,-100.000,283 m²,4, Rækkehus,2680 Solrød Strand
146,-4 %,79 m²,2.495.000,2.395.000,-100.000,0 m²,3, Ejerlejlighed,2700 Brønshøj
147,-5 %,120 m²,4.295.000,4.095.000,-200.000,767 m²,4, Villa,2700 Brønshøj
148,-5 %,96 m²,4.195.000,3.995.000,-200.000,250 m²,4, Rækkehus,2700 Brønshøj
149,-3 %,162 m²,6.695.000,6.499.000,-196.000,508 m²,5, Villa,2700 Brønshøj
150,-3 %,63 m²,3.750.000,3.650.000,-100.000,650 m²,2, Villa,2700 Brønshøj
151,-2 %,100 m²,2.545.000,2.495.000,-50.000,0 m²,3, Ejerlejlighed,2700 Brønshøj
152,-5 %,120 m²,3.250.000,3.075.000,-175.000,975 m²,4, Villalejlighed,2700 Brønshøj
153,-3 %,107 m²,4.598.000,4.450.000,-148.000,654 m²,5, Villa,2700 Brønshøj
154,-1 %,67 m²,2.375.000,2.350.000,-25.000,0 m²,3, Ejerlejlighed,2700 Brønshøj
155,-4 %,83 m²,2.390.000,2.298.000,-92.000,0 m²,3, Ejerlejlighed,2700 Brønshøj
156,-8 %,56 m²,1.795.000,1.650.000,-145.000,0 m²,2, Ejerlejlighed,2700 Brønshøj
157,-5 %,52 m²,1.575.000,1.499.000,-76.000,0 m²,2, Ejerlejlighed,2700 Brønshøj
158,-3 %,145 m²,3.995.000,3.895.000,-100.000,729 m²,4, Villa,2700 Brønshøj
159,-3 %,38 m²,1.598.000,1.545.000,-53.000,0 m²,1, Ejerlejlighed,2720 Vanløse
160,-3 %,70 m²,3.395.000,3.295.000,-100.000,456 m²,3, Villalejlighed,2720 Vanløse
161,-3 %,56 m²,2.049.000,1.995.000,-54.000,0 m²,2, Ejerlejlighed,2720 Vanløse
162,-4 %,81 m²,3.795.000,3.650.000,-145.000,580 m²,4, Villa,2730 Herlev
163,-3 %,186 m²,3.849.000,3.749.000,-100.000,760 m²,7, Villa,2730 Herlev
164,-4 %,155 m²,3.595.000,3.450.000,-145.000,723 m²,5, Villa,2730 Herlev
165,-1 %,107 m²,4.295.000,4.250.000,-45.000,723 m²,3, Villa,2730 Herlev
166,-7 %,90 m²,2.795.000,2.595.000,-200.000,915 m²,4, Villa,2730 Herlev
167,-4 %,147 m²,4.497.000,4.295.000,-202.000,721 m²,5, Villa,2730 Herlev
168,-5 %,85 m²,1.995.000,1.895.000,-100.000,0 m²,3, Ejerlejlighed,2730 Herlev
169,-4 %,65 m²,2.400.000,2.295.000,-105.000,894 m²,3, Rækkehus,2740 Skovlunde
170,-4 %,145 m²,3.650.000,3.495.000,-155.000,1.060 m²,4, Villa,2750 Ballerup
171,-7 %,139 m²,4.295.000,3.995.000,-300.000,1.235 m²,5, Villa,2750 Ballerup
172,-3 %,76 m²,1.795.000,1.745.000,-50.000,0 m²,2, Ejerlejlighed,2760 Måløv
173,-3 %,123 m²,3.175.000,3.095.000,-80.000,255 m²,5, Rækkehus,2765 Smørum
174,-6 %,54 m²,1.695.000,1.595.000,-100.000,0 m²,2, Ejerlejlighed,2770 Kastrup
175,-5 %,102 m²,3.790.000,3.600.000,-190.000,242 m²,5, Rækkehus,2770 Kastrup
176,-4 %,166 m²,4.995.000,4.795.000,-200.000,787 m²,6, Villa,2770 Kastrup
177,-3 %,156 m²,3.295.000,3.195.000,-100.000,718 m²,4, Villa,2770 Kastrup
178,-4 %,64 m²,2.395.000,2.295.000,-100.000,0 m²,3, Ejerlejlighed,2770 Kastrup
179,-4 %,166 m²,4.675.000,4.495.000,-180.000,1.099 m²,5, Villa,2770 Kastrup
180,-2 %,145 m²,4.750.000,4.650.000,-100.000,722 m²,6, Villa,2770 Kastrup
181,-3 %,139 m²,3.498.000,3.398.000,-100.000,168 m²,4, Villa,2791 Dragør
182,-3 %,228 m²,5.999.888,5.799.888,-200.000,470 m²,6, Villa,2791 Dragør
183,-4 %,206 m²,8.000.000,7.700.000,-300.000,791 m²,6, Villa,2791 Dragør
184,-1 %,131 m²,3.550.000,3.498.000,-52.000,695 m²,5, Villa,2791 Dragør
185,-5 %,119 m²,3.695.000,3.495.000,-200.000,448 m²,4, Villa,2791 Dragør
186,-3 %,43 m²,1.329.000,1.290.000,-39.000,0 m²,2, Ejerlejlighed,2791 Dragør
187,-7 %,167 m²,4.495.000,4.195.000,-300.000,813 m²,7, Villa,2791 Dragør
188,-3 %,0 m²,3.595.000,3.495.000,-100.000,787 m²,0, Helårsgrund,2791 Dragør
189,-10 %,0 m²,2.895.000,2.595.000,-300.000,785 m²,0, Helårsgrund,2791 Dragør
190,-4 %,89 m²,4.695.000,4.495.000,-200.000,843 m²,4, Rækkehus,2800 Lyngby
191,-6 %,201 m²,8.995.000,8.495.000,-500.000,1.052 m²,5, Villa,2800 Lyngby
192,-3 %,97 m²,4.345.000,4.195.000,-150.000,790 m²,4, Rækkehus,2800 Lyngby
193,-9 %,122 m²,3.995.000,3.650.000,-345.000,0 m²,4, Ejerlejlighed,2800 Lyngby
194,-7 %,93 m²,4.295.000,3.995.000,-300.000,693 m²,4, Villa,2800 Lyngby
195,-6 %,206 m²,7.995.000,7.495.000,-500.000,326 m²,6, Rækkehus,2800 Lyngby
196,-4 %,140 m²,5.695.000,5.495.000,-200.000,772 m²,6, Villa,2800 Lyngby
197,-2 %,74 m²,1.482.743,1.455.442,-27.301,1.419 m²,3, Andelsbolig,2800 Lyngby
198,-7 %,140 m²,4.850.000,4.495.000,-355.000,698 m²,5, Villa,2800 Lyngby
199,-5 %,56 m²,1.675.000,1.595.000,-80.000,0 m²,2, Ejerlejlighed,2800 Lyngby
200,-4 %,30 m²,990.000,949.000,-41.000,0 m²,1, Ejerlejlighed,2800 Lyngby
201,-10 %,397 m²,24.000.000,21.500.000,-2.500.000,1.597 m²,10, Villa,2820 Gentofte
202,-5 %,204 m²,7.995.000,7.595.000,-400.000,1.441 m²,5, Villa,2820 Gentofte
203,-2 %,81 m²,4.095.000,3.995.000,-100.000,601 m²,4, Villa,2830 Virum
204,-3 %,101 m²,3.595.000,3.475.000,-120.000,0 m²,3, Ejerlejlighed,2830 Virum
205,-3 %,145 m²,3.995.000,3.895.000,-100.000,233 m²,5, Rækkehus,2830 Virum
206,-5 %,135 m²,4.995.000,4.750.000,-245.000,278 m²,6, Rækkehus,2830 Virum
207,-17 %,304 m²,12.000.000,9.995.000,-2.005.000,5.265 m²,8, Villa,2830 Virum
208,-4 %,69 m²,2.495.000,2.395.000,-100.000,0 m²,3, Ejerlejlighed,2830 Virum
209,-3 %,56 m²,1.550.000,1.498.000,-52.000,0 m²,2, Ejerlejlighed,2830 Virum
210,-5 %,150 m²,5.495.000,5.195.000,-300.000,753 m²,6, Villa,2830 Virum
211,-2 %,50 m²,1.295.000,1.275.000,-20.000,0 m²,1, Ejerlejlighed,2830 Virum
212,-4 %,160 m²,6.495.000,6.235.000,-260.000,1.034 m²,6, Villa,2840 Holte
213,-4 %,131 m²,4.995.000,4.795.000,-200.000,1.119 m²,5, Villa,2840 Holte
214,-4 %,127 m²,4.495.000,4.295.000,-200.000,281 m²,5, Rækkehus,2840 Holte
215,-3 %,171 m²,4.895.000,4.745.000,-150.000,1.300 m²,5, Villa,2840 Holte
216,-8 %,104 m²,3.995.000,3.695.000,-300.000,0 m²,3, Ejerlejlighed,2840 Holte
217,-5 %,149 m²,6.295.000,5.995.000,-300.000,1.193 m²,5, Villa,2840 Holte
218,-1 %,248 m²,8.750.000,8.695.000,-55.000,1.343 m²,9, Villa,2840 Holte
219,-5 %,72 m²,2.195.000,2.095.000,-100.000,0 m²,3, Ejerlejlighed,2860 Søborg
220,-2 %,36 m²,995.000,975.000,-20.000,0 m²,1, Ejerlejlighed,2860 Søborg
221,-3 %,113 m²,3.495.000,3.395.000,-100.000,0 m²,4, Ejerlejlighed,2860 Søborg
222,-6 %,58 m²,1.795.000,1.695.000,-100.000,0 m²,2, Ejerlejlighed,2860 Søborg
223,-4 %,141 m²,5.695.000,5.495.000,-200.000,745 m²,6, Villa,2860 Søborg
224,-2 %,44 m²,1.375.000,1.348.000,-27.000,0 m²,2, Ejerlejlighed,2860 Søborg
225,-4 %,123 m²,4.495.000,4.295.000,-200.000,593 m²,0, Villa,2860 Søborg
226,-4 %,100 m²,2.595.000,2.495.000,-100.000,506 m²,3, Rækkehus,2860 Søborg
227,-5 %,140 m²,3.695.000,3.500.000,-195.000,655 m²,4, Villa,2880 Bagsværd
228,-11 %,152 m²,6.495.000,5.795.000,-700.000,1.070 m²,6, Villa,2880 Bagsværd
229,-2 %,212 m²,4.850.000,4.750.000,-100.000,1.083 m²,8, Villa,2880 Bagsværd
230,-2 %,175 m²,6.750.000,6.635.000,-115.000,700 m²,5, Villa,2900 Hellerup
231,-4 %,143 m²,7.995.000,7.695.000,-300.000,845 m²,6, Villa,2900 Hellerup
232,-3 %,138 m²,7.500.000,7.295.000,-205.000,351 m²,5, Villa,2920 Charlottenlund
233,-4 %,250 m²,11.495.000,10.995.000,-500.000,1.132 m²,6, Villa,2920 Charlottenlund
234,-4 %,154 m²,13.500.000,12.985.000,-515.000,0 m²,4, Villa,2920 Charlottenlund
235,-4 %,136 m²,8.995.000,8.600.000,-395.000,396 m²,4, Rækkehus,2920 Charlottenlund
236,-7 %,75 m²,2.845.000,2.650.000,-195.000,0 m²,3, Ejerlejlighed,2920 Charlottenlund
237,-3 %,58 m²,1.955.000,1.895.000,-60.000,0 m²,2, Ejerlejlighed,2920 Charlottenlund
238,-5 %,178 m²,9.750.000,9.250.000,-500.000,788 m²,6, Villa,2920 Charlottenlund
239,-7 %,259 m²,7.495.000,6.995.000,-500.000,750 m²,14, Villa,2920 Charlottenlund
240,-5 %,172 m²,9.995.000,9.500.000,-495.000,0 m²,5, Ejerlejlighed,2920 Charlottenlund
241,-3 %,129 m²,6.700.000,6.500.000,-200.000,451 m²,5, Villalejlighed,2920 Charlottenlund
242,-4 %,71 m²,2.495.000,2.395.000,-100.000,1.193 m²,2, Ejerlejlighed,2920 Charlottenlund
243,-8 %,51 m²,3.900.000,3.600.000,-300.000,123 m²,3, Villa,2920 Charlottenlund
244,-4 %,100 m²,5.395.000,5.195.000,-200.000,0 m²,3, Ejerlejlighed,2920 Charlottenlund
245,-4 %,242 m²,9.350.000,8.995.000,-355.000,1.034 m²,5, Villa,2920 Charlottenlund
246,-3 %,217 m²,9.950.000,9.695.000,-255.000,806 m²,6, Villa,2920 Charlottenlund
247,-2 %,99 m²,3.495.000,3.420.000,-75.000,0 m²,3, Ejerlejlighed,2942 Skodsborg
248,-4 %,127 m²,6.495.000,6.250.000,-245.000,648 m²,6, Rækkehus,2950 Vedbæk
249,-2 %,117 m²,7.500.000,7.345.000,-155.000,1.262 m²,5, Villa,2960 Rungsted Kyst
250,-8 %,328 m²,9.750.000,8.995.000,-755.000,1.182 m²,8, Villa,2960 Rungsted Kyst
251,-5 %,154 m²,3.145.000,2.995.000,-150.000,239 m²,5, Rækkehus,2970 Hørsholm
252,-5 %,229 m²,9.495.000,8.995.000,-500.000,2.954 m²,6, Villa,2970 Hørsholm
253,-3 %,191 m²,7.200.000,6.995.000,-205.000,1.877 m²,6, Villa,2970 Hørsholm
254,-5 %,139 m²,4.195.000,3.995.000,-200.000,244 m²,6, Rækkehus,2970 Hørsholm
255,-15 %,106 m²,1.749.000,1.495.000,-254.000,266 m²,4, Rækkehus,2980 Kokkedal
256,-3 %,140 m²,2.895.000,2.795.000,-100.000,297 m²,5, Villa,2980 Kokkedal
257,-3 %,173 m²,3.700.000,3.595.000,-105.000,295 m²,7, Rækkehus,2980 Kokkedal
258,-5 %,123 m²,2.850.000,2.695.000,-155.000,811 m²,4, Villa,2990 Nivå
259,-3 %,55 m²,1.075.000,1.045.000,-30.000,0 m²,2, Ejerlejlighed,3000 Helsingør
260,-5 %,94 m²,3.150.000,2.995.000,-155.000,1.063 m²,3, Villa,3000 Helsingør
261,-3 %,96 m²,1.685.000,1.635.000,-50.000,0 m²,3, Ejerlejlighed,3060 Espergærde
262,-5 %,133 m²,3.995.000,3.795.000,-200.000,1.212 m²,5, Villa,3060 Espergærde
263,-5 %,134 m²,4.195.000,3.995.000,-200.000,459 m²,5, Villa,3070 Snekkersten
264,-3 %,124 m²,5.450.000,5.295.000,-155.000,0 m²,3, Ejerlejlighed,3070 Snekkersten
265,-5 %,145 m²,4.995.000,4.750.000,-245.000,1.262 m²,4, Villa,3100 Hornbæk
266,-4 %,92 m²,2.295.000,2.195.000,-100.000,679 m²,3, Fritidshus,3100 Hornbæk
267,-7 %,160 m²,6.995.000,6.495.000,-500.000,1.202 m²,4, Fritidshus,3100 Hornbæk
268,-2 %,107 m²,2.200.000,2.150.000,-50.000,1.000 m²,5, Villa,3100 Hornbæk
269,-3 %,93 m²,1.975.000,1.925.000,-50.000,450 m²,4, Rækkehus,3140 Ålsgårde
270,-6 %,231 m²,3.995.000,3.750.000,-245.000,2.587 m²,5, Villa,3200 Helsinge
271,-20 %,55 m²,995.000,795.000,-200.000,1.628 m²,3, Fritidshus,3210 Vejby
272,-6 %,56 m²,795.000,749.000,-46.000,1.285 m²,3, Fritidshus,3230 Græsted
273,-4 %,150 m²,2.595.000,2.495.000,-100.000,3.065 m²,6, Villa,3230 Græsted
274,-6 %,140 m²,1.885.000,1.765.000,-120.000,1.581 m²,4, Villa,3230 Græsted
275,-5 %,96 m²,2.095.000,1.995.000,-100.000,1.102 m²,5, Fritidshus,3250 Gilleleje
276,-5 %,116 m²,1.995.000,1.895.000,-100.000,1.814 m²,5, Fritidshus,3250 Gilleleje
277,-5 %,125 m²,2.095.000,1.995.000,-100.000,850 m²,5, Villa,3300 Frederiksværk
278,-1 %,87 m²,1.695.000,1.680.000,-15.000,800 m²,3, Villa,3300 Frederiksværk
279,-5 %,227 m²,3.295.000,3.145.000,-150.000,1.946 m²,6, Villa,3300 Frederiksværk
280,-6 %,164 m²,3.075.000,2.895.000,-180.000,784 m²,4, Villa,3320 Skævinge
281,-5 %,45 m²,1.045.000,995.000,-50.000,1.854 m²,3, Fritidshus,3370 Melby
282,-6 %,113 m²,1.595.000,1.495.000,-100.000,1.627 m²,4, Fritidshus,3390 Hundested
283,-7 %,107 m²,1.495.000,1.395.000,-100.000,655 m²,3, Villa,3390 Hundested
284,-2 %,75 m²,1.395.000,1.370.000,-25.000,0 m²,2, Ejerlejlighed,3400 Hillerød
285,-5 %,276 m²,5.495.000,5.195.000,-300.000,1.200 m²,8, Villa,3400 Hillerød
286,-4 %,145 m²,4.695.000,4.495.000,-200.000,0 m²,4, Ejerlejlighed,3400 Hillerød
287,-4 %,112 m²,2.595.000,2.495.000,-100.000,808 m²,4, Villa,3400 Hillerød
288,-4 %,127 m²,3.995.000,3.845.000,-150.000,1.108 m²,4, Villa,3400 Hillerød
289,-5 %,114 m²,3.245.000,3.095.000,-150.000,141 m²,4, Rækkehus,3400 Hillerød
290,-10 %,56 m²,1.778.000,1.595.000,-183.000,0 m²,2, Ejerlejlighed,3400 Hillerød
291,-2 %,115 m²,2.695.000,2.645.000,-50.000,892 m²,4, Villa,3400 Hillerød
292,-7 %,150 m²,4.195.000,3.895.000,-300.000,528 m²,5, Villa,3400 Hillerød
293,-4 %,135 m²,2.995.000,2.885.000,-110.000,240 m²,5, Rækkehus,3450 Allerød
294,-7 %,149 m²,4.295.000,3.995.000,-300.000,630 m²,4, Villa,3450 Allerød
295,-4 %,180 m²,5.695.000,5.495.000,-200.000,986 m²,5, Villa,3460 Birkerød
296,-8 %,161 m²,5.995.000,5.500.000,-495.000,229.380 m²,6, Landejendom,3480 Fredensborg
297,-5 %,153 m²,3.425.000,3.245.000,-180.000,714 m²,6, Villa,3480 Fredensborg
298,-3 %,386 m²,7.200.000,6.995.000,-205.000,73.972 m²,10, Landejendom,3480 Fredensborg
299,-5 %,554 m²,9.995.000,9.495.000,-500.000,74.672 m²,13, Landejendom,3480 Fredensborg
300,-14 %,0 m²,1.395.000,1.195.000,-200.000,860 m²,0, Helårsgrund,3480 Fredensborg
301,-14 %,0 m²,1.395.000,1.195.000,-200.000,839 m²,0, Helårsgrund,3480 Fredensborg
302,-5 %,210 m²,4.750.000,4.495.000,-255.000,1.654 m²,9, Villa,3500 Værløse
303,-5 %,170 m²,4.350.000,4.150.000,-200.000,800 m²,4, Villa,3520 Farum
304,-5 %,75 m²,1.675.000,1.595.000,-80.000,0 m²,3, Ejerlejlighed,3520 Farum
305,-3 %,192 m²,3.995.000,3.870.000,-125.000,432 m²,4, Villa,3520 Farum
306,-4 %,96 m²,2.495.000,2.395.000,-100.000,121 m²,3, Rækkehus,3540 Lynge
307,-2 %,124 m²,2.295.000,2.250.000,-45.000,236 m²,5, Rækkehus,3550 Slangerup
308,-3 %,212 m²,3.495.000,3.395.000,-100.000,556 m²,6, Villa,3550 Slangerup
309,-2 %,131 m²,4.275.000,4.195.000,-80.000,138 m²,4, Rækkehus,3600 Frederikssund
310,-1 %,194 m²,4.150.000,4.095.000,-55.000,786 m²,7, Villa,3600 Frederikssund
311,-5 %,145 m²,2.095.000,1.995.000,-100.000,981 m²,6, Villa,3600 Frederikssund
312,-3 %,183 m²,3.295.000,3.195.000,-100.000,889 m²,6, Villa,3600 Frederikssund
313,-5 %,172 m²,3.125.000,2.975.000,-150.000,1.058 m²,5, Villa,3600 Frederikssund
314,-3 %,170 m²,1.545.000,1.495.000,-50.000,1.610 m²,5, Villa,3630 Jægerspris
315,-4 %,310 m²,6.200.000,5.950.000,-250.000,2.030 m²,7, Villa,3630 Jægerspris
316,-5 %,106 m²,1.575.000,1.495.000,-80.000,1.068 m²,4, Fritidshus,3630 Jægerspris
317,-3 %,217 m²,3.995.000,3.895.000,-100.000,1.931 m²,7, Villa,3650 Ølstykke
318,-3 %,110 m²,3.195.000,3.095.000,-100.000,188 m²,3, Villa,3650 Ølstykke
319,-3 %,147 m²,4.295.000,4.145.000,-150.000,1.430 m²,6, Villa,3660 Stenløse
320,-3 %,181 m²,925.000,895.000,-30.000,391 m²,5, Rækkehus,3700 Rønne
321,-12 %,238 m²,2.850.000,2.495.000,-355.000,108.730 m²,7, Villa,3700 Rønne
322,-3 %,141 m²,1.295.000,1.250.000,-45.000,50.854 m²,5, Villa,3700 Rønne
323,-14 %,179 m²,695.000,595.000,-100.000,5.627 m²,6, Villa,3730 Nexø
324,-1 %,48 m²,525.000,520.000,-5.000,27.544 m²,3, Fritidshus,3770 Allinge
325,-6 %,172 m²,3.395.000,3.195.000,-200.000,1.858 m²,5, Villa,4000 Roskilde
326,-2 %,201 m²,2.895.000,2.850.000,-45.000,645 m²,7, Villa,4000 Roskilde
327,-10 %,99 m²,1.495.000,1.350.000,-145.000,1.256 m²,5, Villa,4000 Roskilde
328,-17 %,60 m²,2.150.000,1.775.000,-375.000,754 m²,3, Villa,4000 Roskilde
329,-2 %,129 m²,2.750.000,2.695.000,-55.000,865 m²,4, Villa,4000 Roskilde
330,-3 %,103 m²,2.775.000,2.700.000,-75.000,0 m²,4, Ejerlejlighed,4000 Roskilde
331,-7 %,171 m²,3.795.000,3.545.000,-250.000,881 m²,7, Villa,4000 Roskilde
332,-2 %,81 m²,1.895.000,1.850.000,-45.000,0 m²,3, Ejerlejlighed,4000 Roskilde
333,-3 %,81 m²,1.850.000,1.795.000,-55.000,361 m²,3, Rækkehus,4000 Roskilde
334,-2 %,116 m²,2.495.000,2.445.000,-50.000,1.200 m²,4, Villa,4040 Jyllinge
335,-6 %,101 m²,1.745.000,1.645.000,-100.000,878 m²,4, Villa,4040 Jyllinge
336,-5 %,120 m²,2.895.000,2.750.000,-145.000,873 m²,4, Villa,4040 Jyllinge
337,-5 %,159 m²,3.150.000,2.995.000,-155.000,800 m²,4, Villa,4040 Jyllinge
338,-3 %,175 m²,5.375.000,5.195.000,-180.000,1.200 m²,5, Villa,4040 Jyllinge
339,-7 %,124 m²,1.925.000,1.795.000,-130.000,925 m²,7, Villa,4050 Skibby
340,-6 %,140 m²,1.775.000,1.675.000,-100.000,797 m²,4, Villa,4050 Skibby
341,-2 %,236 m²,4.595.000,4.500.000,-95.000,2.000 m²,8, Villa,4050 Skibby
342,-13 %,57 m²,1.095.000,949.000,-146.000,1.179 m²,3, Fritidshus,4060 Kirke Såby
343,-6 %,141 m²,1.596.000,1.495.000,-101.000,769 m²,5, Villa,4060 Kirke Såby
344,-5 %,124 m²,2.095.000,2.000.000,-95.000,634 m²,4, Villa,4100 Ringsted
345,-4 %,361 m²,4.975.000,4.775.000,-200.000,89.310 m²,8, Landejendom,4100 Ringsted
346,-5 %,200 m²,10.500.000,9.995.000,-505.000,4.800 m²,22, Villa,4100 Ringsted
347,-16 %,0 m²,350.000,295.000,-55.000,1.035 m²,0, Helårsgrund,4100 Ringsted
348,-5 %,142 m²,2.095.000,1.995.000,-100.000,738 m²,4, Villa,4100 Ringsted
349,-5 %,176 m²,4.495.000,4.250.000,-245.000,58.582 m²,10, Landejendom,4100 Ringsted
350,-3 %,109 m²,1.775.000,1.725.000,-50.000,402 m²,4, Rækkehus,4100 Ringsted
351,-8 %,153 m²,1.245.000,1.150.000,-95.000,690 m²,5, Villa,4171 Glumsø
352,-8 %,96 m²,1.195.000,1.095.000,-100.000,642 m²,3, Villa,4173 Fjenneslev
353,-22 %,205 m²,1.395.000,1.095.000,-300.000,20.051 m²,6, Villa,4173 Fjenneslev
354,-2 %,101 m²,1.298.000,1.275.000,-23.000,1.039 m²,2, Villa,4173 Fjenneslev
355,-3 %,167 m²,3.995.000,3.895.000,-100.000,451 m²,6, Villa,4180 Sorø
356,-3 %,200 m²,2.950.000,2.850.000,-100.000,23.783 m²,4, Landejendom,4180 Sorø
357,-7 %,172 m²,1.395.000,1.295.000,-100.000,880 m²,4, Villa,4180 Sorø
358,-3 %,180 m²,2.895.000,2.795.000,-100.000,1.168 m²,5, Villa,4180 Sorø
359,-10 %,171 m²,2.995.000,2.695.000,-300.000,14.140 m²,6, Villa,4180 Sorø
360,-5 %,222 m²,1.895.000,1.795.000,-100.000,3.939 m²,5, Villa,4190 Munke Bjergby
361,-8 %,125 m²,2.495.000,2.295.000,-200.000,1.040 m²,3, Fritidshus,4200 Slagelse
362,-21 %,0 m²,375.000,295.000,-80.000,1.213 m²,0, Fritidsgrund,4200 Slagelse
363,-8 %,113 m²,1.295.000,1.195.000,-100.000,763 m²,4, Villa,4200 Slagelse
364,-5 %,141 m²,2.495.000,2.375.000,-120.000,405 m²,5, Villa,4200 Slagelse
365,-8 %,145 m²,1.495.000,1.379.000,-116.000,9.631 m²,5, Villa,4200 Slagelse
366,-4 %,137 m²,1.745.000,1.675.000,-70.000,845 m²,4, Villa,4200 Slagelse
367,-3 %,157 m²,1.789.000,1.734.000,-55.000,1.379 m²,4, Villa,4200 Slagelse
368,-22 %,79 m²,445.000,345.000,-100.000,351 m²,3, Villa,4220 Korsør
369,-7 %,183 m²,1.599.000,1.495.000,-104.000,0 m²,5, Ejerlejlighed,4230 Skælskør
370,-7 %,211 m²,1.395.000,1.295.000,-100.000,15.077 m²,7, Villa,4230 Skælskør
371,-5 %,104 m²,995.000,950.000,-45.000,14.975 m²,4, Villa,4241 Vemmelev
372,-15 %,268 m²,1.995.000,1.695.000,-300.000,1.532 m²,6, Villa,4262 Sandved
373,-4 %,150 m²,1.950.000,1.865.000,-85.000,21.787 m²,5, Landejendom,4270 Høng
374,-6 %,180 m²,1.550.000,1.450.000,-100.000,946 m²,5, Villa,4270 Høng
375,-7 %,130 m²,1.395.000,1.300.000,-95.000,910 m²,5, Villa,4281 Gørlev
376,-9 %,95 m²,990.000,900.000,-90.000,0 m²,3, Fritidshus,4281 Gørlev
377,-25 %,120 m²,395.000,295.000,-100.000,250 m²,7, Villa,4281 Gørlev
378,-2 %,151 m²,2.045.000,1.995.000,-50.000,32.126 m²,4, Villa,4291 Ruds Vedby
379,-4 %,111 m²,1.145.000,1.095.000,-50.000,953 m²,3, Villa,4293 Dianalund
380,-3 %,85 m²,670.000,650.000,-20.000,1.421 m²,4, Fritidshus,4300 Holbæk
381,-9 %,132 m²,2.750.000,2.495.000,-255.000,473 m²,5, Villa,4300 Holbæk
382,-7 %,0 m²,750.000,700.000,-50.000,3.127 m²,0, Helårsgrund,4300 Holbæk
383,-4 %,54 m²,825.000,795.000,-30.000,1.200 m²,3, Fritidshus,4300 Holbæk
384,-10 %,54 m²,495.000,445.000,-50.000,1.434 m²,3, Fritidshus,4300 Holbæk
385,-7 %,85 m²,745.000,695.000,-50.000,1.235 m²,4, Fritidshus,4300 Holbæk
386,-9 %,191 m²,2.195.000,1.995.000,-200.000,1.784 m²,6, Villa,4300 Holbæk
387,-5 %,102 m²,3.145.000,2.995.000,-150.000,642 m²,3, Villa,4300 Holbæk
388,-5 %,193 m²,1.995.000,1.895.000,-100.000,927 m²,5, Villa,4300 Holbæk
389,-7 %,58 m²,695.000,645.000,-50.000,1.528 m²,3, Fritidshus,4300 Holbæk
390,-6 %,51 m²,550.000,515.000,-35.000,1.242 m²,3, Fritidshus,4305 Orø
391,-3 %,167 m²,1.895.000,1.845.000,-50.000,864 m²,7, Villa,4340 Tølløse
392,-1 %,520 m²,4.195.000,4.145.000,-50.000,7.336 m²,9, Villa,4340 Tølløse
393,-3 %,96 m²,795.000,775.000,-20.000,7.041 m²,3, Landejendom,4350 Ugerløse
394,-2 %,195 m²,1.785.000,1.749.000,-36.000,1.045 m²,7, Villa,4370 St. Merløse
395,-7 %,171 m²,2.695.000,2.495.000,-200.000,812 m²,6, Villa,4390 Vipperød
396,-5 %,163 m²,2.790.000,2.650.000,-140.000,11.099 m²,6, Villa,4400 Kalundborg
397,-7 %,29 m²,295.000,275.000,-20.000,1.184 m²,2, Fritidshus,4400 Kalundborg
398,-10 %,180 m²,1.995.000,1.795.000,-200.000,21.630 m²,6, Landejendom,4400 Kalundborg
399,-4 %,154 m²,2.595.000,2.495.000,-100.000,1.082 m²,5, Villa,4400 Kalundborg
400,-5 %,161 m²,3.975.000,3.775.000,-200.000,2.680 m²,4, Fritidshus,4400 Kalundborg
401,-10 %,46 m²,498.000,450.000,-48.000,1.200 m²,3, Fritidshus,4400 Kalundborg
402,-8 %,118 m²,2.175.000,1.995.000,-180.000,475 m²,4, Villa,4400 Kalundborg
403,-5 %,167 m²,1.850.000,1.750.000,-100.000,1.448 m²,6, Villa,4400 Kalundborg
404,-9 %,201 m²,3.295.000,2.995.000,-300.000,61.255 m²,4, Landejendom,4400 Kalundborg
405,-20 %,0 m²,225.000,180.000,-45.000,1.114 m²,0, Fritidsgrund,4400 Kalundborg
406,-8 %,190 m²,1.795.000,1.650.000,-145.000,2.174 m²,7, Villa,4460 Snertinge
407,-6 %,81 m²,850.000,795.000,-55.000,1.313 m²,3, Fritidshus,4500 Nykøbing Sj.
408,-5 %,95 m²,550.000,525.000,-25.000,2.358 m²,3, Fritidshus,4500 Nykøbing Sj.
409,-17 %,167 m²,1.195.000,995.000,-200.000,764 m²,5, Villa,4534 Hørve
410,-7 %,190 m²,7.500.000,6.995.000,-505.000,19.743 m²,5, Fritidshus,4540 Fårevejle
411,-7 %,190 m²,7.500.000,6.995.000,-505.000,19.743 m²,5, Villa,4540 Fårevejle
412,-12 %,50 m²,225.000,199.000,-26.000,1.543 m²,3, Fritidshus,4550 Asnæs
413,-7 %,88 m²,1.395.000,1.295.000,-100.000,1.361 m²,4, Fritidshus,4550 Asnæs
414,-4 %,152 m²,2.250.000,2.150.000,-100.000,879 m²,5, Villa,4550 Asnæs
415,-6 %,99 m²,1.595.000,1.495.000,-100.000,1.379 m²,3, Fritidshus,4560 Vig
416,-6 %,73 m²,895.000,845.000,-50.000,1.103 m²,3, Fritidshus,4560 Vig
417,-12 %,0 m²,245.000,215.000,-30.000,1.100 m²,0, Fritidsgrund,4560 Vig
418,-8 %,39 m²,645.000,595.000,-50.000,1.348 m²,2, Fritidshus,4560 Vig
419,-7 %,134 m²,2.150.000,1.995.000,-155.000,180.406 m²,0, Landejendom,4560 Vig
420,-4 %,71 m²,570.000,550.000,-20.000,1.074 m²,3, Fritidshus,4571 Grevinge
421,-28 %,132 m²,745.000,535.000,-210.000,932 m²,5, Villa,4571 Grevinge
422,-8 %,46 m²,645.000,595.000,-50.000,1.208 m²,3, Fritidshus,4573 Højby
423,-7 %,58 m²,2.135.000,1.995.000,-140.000,2.413 m²,2, Fritidshus,4581 Rørvig
424,-23 %,92 m²,650.000,500.000,-150.000,2.421 m²,4, Villa,4581 Rørvig
425,-7 %,64 m²,595.000,555.000,-40.000,1.256 m²,4, Fritidshus,4583 Sjællands Odde
426,-10 %,0 m²,195.000,175.000,-20.000,1.362 m²,0, Fritidsgrund,4583 Sjællands Odde
427,-10 %,68 m²,995.000,895.000,-100.000,1.230 m²,4, Fritidshus,4583 Sjællands Odde
428,-8 %,18 m²,250.000,230.000,-20.000,1.200 m²,1, Fritidshus,4583 Sjællands Odde
429,-7 %,132 m²,750.000,695.000,-55.000,712 m²,4, Villa,4583 Sjællands Odde
430,-6 %,49 m²,795.000,745.000,-50.000,1.078 m²,3, Fritidshus,4591 Føllenslev
431,-2 %,181 m²,2.495.000,2.445.000,-50.000,66.537 m²,5, Landejendom,4593 Eskebjerg
432,-8 %,49 m²,545.000,499.000,-46.000,1.088 m²,3, Fritidshus,4593 Eskebjerg
433,-3 %,91 m²,3.195.000,3.095.000,-100.000,1.356 m²,3, Ejerlejlighed,4600 Køge
434,-5 %,51 m²,1.095.000,1.045.000,-50.000,571 m²,2, Villalejlighed,4600 Køge
435,-5 %,129 m²,1.995.000,1.895.000,-100.000,1.213 m²,4, Villa,4600 Køge
436,-5 %,110 m²,1.895.000,1.795.000,-100.000,788 m²,4, Villa,4600 Køge
437,-2 %,98 m²,2.175.000,2.125.000,-50.000,0 m²,3, Ejerlejlighed,4600 Køge
438,-3 %,192 m²,2.875.000,2.795.000,-80.000,866 m²,5, Villa,4621 Gadstrup
439,-9 %,0 m²,1.095.000,995.000,-100.000,1.000 m²,0, Helårsgrund,4622 Havdrup
440,-5 %,100 m²,1.995.000,1.895.000,-100.000,703 m²,5, Villa,4623 Lille Skensved
441,-14 %,122 m²,695.000,595.000,-100.000,2.483 m²,3, Villa,4652 Hårlev
442,-1 %,152 m²,1.895.000,1.870.000,-25.000,1.334 m²,6, Villa,4653 Karise
443,-4 %,158 m²,1.345.000,1.295.000,-50.000,771 m²,5, Villa,4654 Faxe Ladeplads
444,-13 %,270 m²,2.295.000,1.995.000,-300.000,2.323 m²,1, Villa,4660 St. Heddinge
445,-4 %,115 m²,1.350.000,1.295.000,-55.000,863 m²,5, Villa,4660 St. Heddinge
446,-6 %,60 m²,1.795.000,1.695.000,-100.000,1.027 m²,4, Fritidshus,4671 Strøby
447,-10 %,43 m²,829.000,749.000,-80.000,1.096 m²,3, Fritidshus,4673 Rødvig Stevns
448,-4 %,185 m²,2.749.450,2.650.000,-99.450,8.470 m²,9, Villalejlighed,4681 Herfølge
449,-6 %,132 m²,2.250.000,2.125.000,-125.000,842 m²,4, Villa,4681 Herfølge
450,-11 %,104 m²,1.100.000,975.000,-125.000,958 m²,2, Villa,4684 Holmegaard
451,-3 %,127 m²,1.498.000,1.455.000,-43.000,768 m²,4, Villa,4684 Holmegaard
452,-1 %,169 m²,2.390.000,2.375.000,-15.000,47.794 m²,5, Landejendom,4690 Haslev
453,-4 %,160 m²,2.175.000,2.095.000,-80.000,855 m²,5, Villa,4690 Haslev
454,-9 %,147 m²,1.645.000,1.495.000,-150.000,817 m²,4, Villa,4700 Næstved
455,-9 %,223 m²,2.195.000,1.995.000,-200.000,452 m²,7, Villa,4700 Næstved
456,-4 %,187 m²,2.495.000,2.395.000,-100.000,921 m²,6, Villa,4700 Næstved
457,-4 %,59 m²,725.000,695.000,-30.000,0 m²,2, Ejerlejlighed,4700 Næstved
458,-7 %,107 m²,1.495.000,1.395.000,-100.000,300 m²,4, Villa,4700 Næstved
459,-2 %,394 m²,3.750.000,3.675.000,-75.000,2.249 m²,12, Villa,4720 Præstø
460,-3 %,200 m²,1.745.000,1.695.000,-50.000,1.076 m²,5, Villa,4735 Mern
461,-6 %,109 m²,1.550.000,1.450.000,-100.000,875 m²,4, Villa,4736 Karrebæksminde
462,-2 %,67 m²,1.190.000,1.170.000,-20.000,703 m²,4, Fritidshus,4736 Karrebæksminde
463,-4 %,60 m²,485.000,465.000,-20.000,1.140 m²,4, Fritidshus,4760 Vordingborg
464,-12 %,98 m²,1.695.000,1.495.000,-200.000,1.695 m²,3, Villa,4760 Vordingborg
465,-10 %,111 m²,995.000,895.000,-100.000,730 m²,4, Villa,4760 Vordingborg
466,-7 %,121 m²,995.000,925.000,-70.000,827 m²,6, Villa,4780 Stege
467,-17 %,94 m²,450.000,375.000,-75.000,770 m²,4, Villa,4780 Stege
468,-5 %,258 m²,3.995.000,3.795.000,-200.000,45.097 m²,7, Landejendom,4780 Stege
469,-8 %,83 m²,1.595.000,1.475.000,-120.000,1.003 m²,4, Fritidshus,4780 Stege
470,-3 %,85 m²,950.000,925.000,-25.000,708 m²,3, Villa,4780 Stege
471,-9 %,215 m²,2.195.000,1.995.000,-200.000,4.465 m²,5, Villa,4791 Borre
472,-15 %,0 m²,195.000,165.000,-30.000,1.204 m²,0, Fritidsgrund,4792 Askeby
473,-10 %,35 m²,525.000,475.000,-50.000,870 m²,3, Fritidshus,4793 Bogø by
474,-12 %,130 m²,1.695.000,1.495.000,-200.000,3.295 m²,5, Villa,4793 Bogø by
475,-15 %,75 m²,995.000,845.000,-150.000,906 m²,3, Fritidshus,4793 Bogø by
476,-19 %,46 m²,550.000,445.000,-105.000,809 m²,3, Fritidshus,4793 Bogø by
477,-3 %,135 m²,1.695.000,1.650.000,-45.000,159 m²,4, Villa,4800 Nykøbing F.
478,-6 %,101 m²,950.000,895.000,-55.000,102 m²,3, Villa,4800 Nykøbing F.
479,-6 %,125 m²,1.370.000,1.290.000,-80.000,600 m²,6, Villa,4800 Nykøbing F.
480,-11 %,256 m²,1.795.000,1.595.000,-200.000,1.269 m²,8, Villa,4840 Nørre Alslev
481,-10 %,148 m²,775.000,695.000,-80.000,4.212 m²,7, Villa,4840 Nørre Alslev
482,-6 %,86 m²,425.000,399.000,-26.000,193 m²,4, Rækkehus,4850 Stubbekøbing
483,-7 %,156 m²,750.000,695.000,-55.000,1.328 m²,6, Villa,4850 Stubbekøbing
484,-10 %,158 m²,1.995.000,1.795.000,-200.000,436 m²,5, Rækkehus,4862 Guldborg
485,-7 %,70 m²,695.000,645.000,-50.000,1.000 m²,4, Fritidshus,4873 Væggerløse
486,-11 %,40 m²,335.000,299.000,-36.000,1.039 m²,2, Fritidshus,4874 Gedser
487,-10 %,86 m²,525.000,475.000,-50.000,1.196 m²,3, Fritidshus,4874 Gedser
488,-3 %,295 m²,1.395.000,1.350.000,-45.000,2.187 m²,11, Villa,4874 Gedser
489,-5 %,140 m²,2.095.000,1.995.000,-100.000,988 m²,5, Villa,4900 Nakskov
490,-8 %,114 m²,645.000,595.000,-50.000,753 m²,4, Villa,4900 Nakskov
491,-3 %,104 m²,965.000,935.000,-30.000,849 m²,3, Villa,4900 Nakskov
492,-15 %,118 m²,295.000,250.000,-45.000,306 m²,5, Villa,4900 Nakskov
493,-7 %,84 m²,675.000,625.000,-50.000,0 m²,3, Ejerlejlighed,4930 Maribo
494,-5 %,112 m²,845.000,799.000,-46.000,737 m²,4, Villa,4930 Maribo
495,-7 %,132 m²,1.495.000,1.395.000,-100.000,718 m²,6, Villa,4930 Maribo
496,-5 %,155 m²,1.345.000,1.275.000,-70.000,595 m²,6, Villa,4930 Maribo
497,-10 %,53 m²,500.000,450.000,-50.000,1.000 m²,4, Fritidshus,4942 Askø
498,-23 %,150 m²,195.000,150.000,-45.000,1.651 m²,4, Villa,4943 Torrig L
499,-4 %,127 m²,965.000,925.000,-40.000,1.167 m²,4, Villa,4951 Nørreballe
500,-13 %,388 m²,2.295.000,1.995.000,-300.000,3.288 m²,9, Villa,4960 Holeby
501,-13 %,133 m²,395.000,345.000,-50.000,892 m²,4, Villa,4960 Holeby
502,-4 %,88 m²,825.000,795.000,-30.000,1.663 m²,4, Fritidshus,4970 Rødby
503,-17 %,64 m²,595.000,495.000,-100.000,1.200 m²,3, Fritidshus,4970 Rødby
504,-9 %,71 m²,495.000,450.000,-45.000,442 m²,2, Villa,4970 Rødby
505,-2 %,60 m²,487.000,479.000,-8.000,815 m²,3, Villa,4970 Rødby
506,-3 %,46 m²,460.000,445.000,-15.000,60 m²,3, Fritidshus,4970 Rødby
507,-11 %,65 m²,395.000,350.000,-45.000,1.020 m²,4, Fritidshus,4970 Rødby
508,-14 %,103 m²,345.000,295.000,-50.000,789 m²,4, Villa,4970 Rødby
509,-20 %,111 m²,375.000,299.000,-76.000,1.071 m²,4, Villa,4970 Rødby
510,-8 %,47 m²,570.000,525.000,-45.000,91 m²,2, Fritidshus,4970 Rødby
511,-21 %,324 m²,1.895.000,1.495.000,-400.000,6.526 m²,8, Villa,4970 Rødby
512,-4 %,102 m²,1.295.000,1.249.000,-46.000,954 m²,3, Fritidshus,4983 Dannemare
513,-10 %,252 m²,1.000.000,900.000,-100.000,419 m²,1, Villa,4990 Sakskøbing
514,-8 %,176 m²,1.295.000,1.195.000,-100.000,1.795 m²,6, Villa,4990 Sakskøbing
515,-2 %,56 m²,1.185.000,1.165.000,-20.000,0 m²,2, Ejerlejlighed,5000 Odense C
516,-4 %,68 m²,1.145.000,1.095.000,-50.000,0 m²,2, Ejerlejlighed,5000 Odense C
517,-7 %,118 m²,2.995.000,2.795.000,-200.000,346 m²,3, Villa,5000 Odense C
518,-4 %,78 m²,1.245.000,1.195.000,-50.000,126 m²,4, Rækkehus,5210 Odense NV
519,-7 %,131 m²,1.395.000,1.299.000,-96.000,888 m²,4, Villa,5220 Odense SØ
520,-8 %,154 m²,4.345.000,3.995.000,-350.000,532 m²,5, Villa,5230 Odense M
521,-2 %,160 m²,4.095.000,3.995.000,-100.000,519 m²,5, Villa,5230 Odense M
522,-4 %,138 m²,2.395.000,2.295.000,-100.000,642 m²,5, Villa,5230 Odense M
523,-4 %,157 m²,3.650.000,3.498.000,-152.000,560 m²,5, Villa,5230 Odense M
524,-5 %,126 m²,2.095.000,1.995.000,-100.000,993 m²,3, Villa,5240 Odense NØ
525,-6 %,182 m²,2.650.000,2.495.000,-155.000,798 m²,5, Villa,5240 Odense NØ
526,-4 %,103 m²,1.395.000,1.345.000,-50.000,347 m²,4, Rækkehus,5250 Odense SV
527,-3 %,151 m²,3.295.000,3.195.000,-100.000,763 m²,5, Villa,5250 Odense SV
528,-7 %,81 m²,1.495.000,1.395.000,-100.000,0 m²,4, Villalejlighed,5250 Odense SV
529,-3 %,105 m²,2.895.000,2.795.000,-100.000,629 m²,5, Villa,5250 Odense SV
530,-4 %,133 m²,2.395.000,2.299.000,-96.000,671 m²,6, Villa,5250 Odense SV
531,-9 %,124 m²,1.095.000,995.000,-100.000,736 m²,4, Villa,5260 Odense S
532,-9 %,150 m²,2.195.000,1.995.000,-200.000,794 m²,6, Villa,5260 Odense S
533,-3 %,106 m²,1.485.000,1.435.000,-50.000,586 m²,4, Rækkehus,5260 Odense S
534,-2 %,115 m²,1.845.000,1.800.000,-45.000,915 m²,4, Villa,5260 Odense S
535,-4 %,80 m²,1.250.000,1.195.000,-55.000,310 m²,3, Rækkehus,5270 Odense N
536,-9 %,145 m²,1.648.000,1.498.000,-150.000,1.364 m²,4, Villa,5290 Marslev
537,-3 %,52 m²,1.750.000,1.695.000,-55.000,446 m²,3, Fritidshus,5300 Kerteminde
538,-9 %,166 m²,1.750.000,1.595.000,-155.000,210 m²,5, Villa,5300 Kerteminde
539,-1 %,98 m²,978.000,968.000,-10.000,302 m²,4, Rækkehus,5330 Munkebo
540,-3 %,170 m²,1.795.000,1.745.000,-50.000,1.054 m²,6, Villa,5330 Munkebo
541,-4 %,136 m²,1.550.000,1.495.000,-55.000,851 m²,5, Villa,5330 Munkebo
542,-7 %,180 m²,1.499.000,1.399.000,-100.000,832 m²,7, Villa,5450 Otterup
543,-4 %,69 m²,925.000,885.000,-40.000,696 m²,3, Fritidshus,5450 Otterup
544,-7 %,177 m²,1.180.000,1.095.000,-85.000,829 m²,4, Villa,5450 Otterup
545,-5 %,41 m²,1.795.000,1.699.000,-96.000,331 m²,1, Fritidshus,5450 Otterup
546,-2 %,186 m²,1.895.000,1.849.000,-46.000,980 m²,7, Villa,5492 Vissenbjerg
547,-8 %,181 m²,925.000,850.000,-75.000,1.492 m²,5, Villa,5492 Vissenbjerg
548,-8 %,142 m²,1.795.000,1.645.000,-150.000,796 m²,4, Villa,5492 Vissenbjerg
549,-9 %,165 m²,1.095.000,995.000,-100.000,1.033 m²,5, Villa,5492 Vissenbjerg
550,-8 %,118 m²,3.000.000,2.750.000,-250.000,11.499 m²,5, Landejendom,5500 Middelfart
551,-5 %,362 m²,3.695.000,3.495.000,-200.000,4.387 m²,10, Landejendom,5500 Middelfart
552,-5 %,62 m²,3.995.000,3.795.000,-200.000,1.027 m²,3, Fritidshus,5500 Middelfart
553,-7 %,104 m²,2.995.000,2.795.000,-200.000,349 m²,3, Villa,5500 Middelfart
554,-8 %,156 m²,2.598.000,2.398.000,-200.000,788 m²,4, Villa,5500 Middelfart
555,-5 %,55 m²,1.185.000,1.125.000,-60.000,819 m²,4, Fritidshus,5500 Middelfart
556,-11 %,100 m²,445.000,395.000,-50.000,1.103 m²,6, Villa,5540 Ullerslev
557,-2 %,136 m²,1.995.000,1.950.000,-45.000,481 m²,5, Villa,5550 Langeskov
558,-4 %,119 m²,1.550.000,1.495.000,-55.000,722 m²,5, Villa,5550 Langeskov
559,-9 %,0 m²,575.000,525.000,-50.000,1.714 m²,0, Helårsgrund,5560 Aarup
560,-6 %,120 m²,1.795.000,1.695.000,-100.000,800 m²,4, Villa,5580 Nørre Aaby
561,-4 %,182 m²,1.949.000,1.875.000,-74.000,1.598 m²,7, Villa,5591 Gelsted
562,-8 %,172 m²,1.195.000,1.095.000,-100.000,1.711 m²,4, Villa,5592 Ejby
563,-11 %,189 m²,895.000,795.000,-100.000,376 m²,4, Villa,5600 Faaborg
564,-7 %,108 m²,2.995.000,2.795.000,-200.000,1.470 m²,3, Villa,5600 Faaborg
565,-25 %,113 m²,795.000,595.000,-200.000,1.361 m²,3, Villa,5600 Faaborg
566,-7 %,128 m²,1.395.000,1.295.000,-100.000,999 m²,4, Villa,5610 Assens
567,-8 %,96 m²,545.000,499.000,-46.000,1.000 m²,4, Villa,5610 Assens
568,-6 %,149 m²,1.595.000,1.495.000,-100.000,46.326 m²,4, Landejendom,5610 Assens
569,-9 %,469 m²,5.500.000,4.995.000,-505.000,5.623 m²,13, Villa,5620 Glamsbjerg
570,-19 %,137 m²,365.000,295.000,-70.000,685 m²,5, Villa,5620 Glamsbjerg
571,-2 %,195 m²,599.000,585.000,-14.000,364 m²,4, Villa,5642 Millinge
572,-7 %,285 m²,1.495.000,1.395.000,-100.000,7.505 m²,7, Villa,5672 Broby
573,-4 %,177 m²,1.195.000,1.150.000,-45.000,588 m²,8, Villa,5672 Broby
574,-5 %,143 m²,995.000,945.000,-50.000,747 m²,5, Villa,5683 Haarby
575,-7 %,134 m²,1.075.000,995.000,-80.000,999 m²,4, Villa,5690 Tommerup
576,-5 %,111 m²,1.095.000,1.045.000,-50.000,788 m²,4, Villa,5690 Tommerup
577,-6 %,199 m²,2.350.000,2.198.000,-152.000,3.883 m²,13, Villa,5700 Svendborg
578,-8 %,140 m²,2.595.000,2.395.000,-200.000,1.555 m²,6, Villa,5700 Svendborg
579,-2 %,123 m²,1.425.000,1.395.000,-30.000,225 m²,4, Rækkehus,5700 Svendborg
580,-13 %,107 m²,795.000,695.000,-100.000,767 m²,4, Villa,5700 Svendborg
581,-7 %,113 m²,1.495.000,1.395.000,-100.000,215 m²,4, Rækkehus,5700 Svendborg
582,-7 %,91 m²,1.395.000,1.295.000,-100.000,672 m²,3, Villa,5700 Svendborg
583,-17 %,91 m²,150.000,125.000,-25.000,0 m²,3, Andelsbolig,5750 Ringe
584,-16 %,104 m²,595.000,500.000,-95.000,808 m²,4, Villa,5762 V. Skerninge
585,-16 %,131 m²,645.000,545.000,-100.000,1.177 m²,5, Villa,5762 V. Skerninge
586,-5 %,212 m²,945.000,895.000,-50.000,591 m²,6, Villa,5771 Stenstrup
587,-6 %,191 m²,1.695.000,1.599.000,-96.000,2.331 m²,7, Villa,5772 Kværndrup
588,-8 %,135 m²,899.000,825.000,-74.000,914 m²,5, Villa,5792 Årslev
589,-4 %,165 m²,3.895.000,3.750.000,-145.000,701 m²,5, Villa,5800 Nyborg
590,-3 %,110 m²,1.550.000,1.499.000,-51.000,531 m²,4, Villa,5800 Nyborg
591,-3 %,183 m²,1.995.000,1.945.000,-50.000,792 m²,5, Villa,5800 Nyborg
592,-9 %,100 m²,1.375.000,1.250.000,-125.000,808 m²,3, Villa,5800 Nyborg
593,-3 %,142 m²,2.199.000,2.130.000,-69.000,429 m²,6, Villa,5800 Nyborg
594,-10 %,120 m²,998.000,900.000,-98.000,1.168 m²,4, Villa,5853 Ørbæk
595,-4 %,153 m²,1.450.000,1.399.000,-51.000,2.060 m²,5, Villa,5863 Ferritslev Fyn
596,-6 %,234 m²,1.195.000,1.125.000,-70.000,2.050 m²,6, Villa,5871 Frørup
597,-10 %,142 m²,550.000,495.000,-55.000,797 m²,5, Villa,5900 Rudkøbing
598,-5 %,271 m²,1.885.000,1.785.000,-100.000,4.640 m²,8, Villa,5900 Rudkøbing
599,-8 %,180 m²,645.000,595.000,-50.000,1.331 m²,6, Villa,5900 Rudkøbing
600,-9 %,135 m²,1.795.000,1.625.000,-170.000,1.300 m²,6, Fritidshus,5932 Humble
601,-5 %,185 m²,2.795.000,2.645.000,-150.000,3.958 m²,7, Villa,5953 Tranekær
602,-9 %,80 m²,765.000,695.000,-70.000,1.261 m²,5, Fritidshus,5953 Tranekær
603,-5 %,422 m²,4.495.000,4.250.000,-245.000,30.767 m²,8, Landejendom,6000 Kolding
604,-3 %,135 m²,1.495.000,1.445.000,-50.000,709 m²,3, Villa,6000 Kolding
605,-9 %,99 m²,1.095.000,995.000,-100.000,0 m²,4, Ejerlejlighed,6000 Kolding
606,-6 %,77 m²,1.095.000,1.025.000,-70.000,731 m²,3, Villa,6000 Kolding
607,-4 %,182 m²,2.585.000,2.485.000,-100.000,1.533 m²,6, Villa,6000 Kolding
608,-4 %,135 m²,2.448.000,2.348.000,-100.000,640 m²,5, Villa,6000 Kolding
609,-4 %,144 m²,1.725.000,1.650.000,-75.000,638 m²,4, Villa,6000 Kolding
610,-4 %,184 m²,2.295.000,2.195.000,-100.000,25.680 m²,4, Villa,6000 Kolding
611,-3 %,128 m²,1.945.000,1.895.000,-50.000,197 m²,4, Villa,6000 Kolding
612,-3 %,214 m²,2.248.000,2.175.000,-73.000,2.830 m²,6, Villa,6070 Christiansfeld
613,-13 %,223 m²,1.495.000,1.295.000,-200.000,926 m²,6, Villa,6091 Bjert
614,-8 %,146 m²,1.275.000,1.175.000,-100.000,1.079 m²,5, Villa,6093 Sjølund
615,-3 %,95 m²,1.695.000,1.645.000,-50.000,1.100 m²,5, Fritidshus,6100 Haderslev
616,-6 %,104 m²,1.595.000,1.495.000,-100.000,0 m²,4, Ejerlejlighed,6100 Haderslev
617,-3 %,180 m²,1.645.000,1.595.000,-50.000,876 m²,5, Villa,6100 Haderslev
618,-9 %,157 m²,875.000,795.000,-80.000,715 m²,6, Villa,6100 Haderslev
619,-4 %,106 m²,1.045.000,999.995,-45.005,292 m²,4, Rækkehus,6100 Haderslev
620,-4 %,170 m²,2.695.000,2.595.000,-100.000,401 m²,6, Villa,6100 Haderslev
621,-12 %,58 m²,675.000,595.000,-80.000,0 m²,1, Ejerlejlighed,6100 Haderslev
622,-8 %,110 m²,1.245.000,1.145.000,-100.000,667 m²,3, Villa,6100 Haderslev
623,-7 %,134 m²,1.495.000,1.395.000,-100.000,981 m²,4, Villa,6100 Haderslev
624,-4 %,131 m²,1.245.000,1.195.000,-50.000,1.115 m²,5, Villa,6200 Aabenraa
625,-7 %,67 m²,725.000,675.000,-50.000,0 m²,3, Fritidshus,6200 Aabenraa
626,-3 %,125 m²,1.695.000,1.648.000,-47.000,796 m²,4, Villa,6200 Aabenraa
627,-4 %,143 m²,1.495.000,1.435.000,-60.000,1.093 m²,5, Villa,6200 Aabenraa
628,-10 %,149 m²,998.000,895.000,-103.000,419 m²,5, Villa,6200 Aabenraa
629,-21 %,146 m²,945.000,749.000,-196.000,8.772 m²,4, Landejendom,6240 Løgumkloster
630,-3 %,153 m²,1.125.000,1.095.000,-30.000,770 m²,5, Villa,6240 Løgumkloster
631,-18 %,110 m²,275.000,225.000,-50.000,1.555 m²,3, Villa,6261 Bredebro
632,-8 %,220 m²,1.178.000,1.078.000,-100.000,891 m²,6, Villa,6270 Tønder
633,-6 %,168 m²,738.000,695.000,-43.000,754 m²,6, Villa,6270 Tønder
634,-6 %,215 m²,1.599.000,1.499.000,-100.000,831 m²,8, Villa,6270 Tønder
635,-8 %,184 m²,635.000,585.000,-50.000,784 m²,4, Villa,6270 Tønder
636,-6 %,137 m²,950.000,895.000,-55.000,759 m²,4, Villa,6300 Gråsten
637,-13 %,0 m²,374.850,324.850,-50.000,882 m²,0, Helårsgrund,6310 Broager
638,-13 %,0 m²,396.100,346.100,-50.000,932 m²,0, Helårsgrund,6310 Broager
639,-4 %,181 m²,1.585.000,1.525.000,-60.000,782 m²,5, Villa,6310 Broager
640,-2 %,149 m²,1.985.000,1.950.000,-35.000,724 m²,5, Villa,6330 Padborg
641,-9 %,63 m²,1.095.000,995.000,-100.000,983 m²,4, Fritidshus,6340 Kruså
642,-4 %,202 m²,5.700.000,5.500.000,-200.000,0 m²,5, Ejerlejlighed,6340 Kruså
643,-8 %,225 m²,1.195.000,1.095.000,-100.000,2.414 m²,6, Villa,6372 Bylderup-Bov
644,-2 %,225 m²,895.000,875.000,-20.000,925 m²,5, Villa,6392 Bolderslev
645,-5 %,90 m²,1.995.000,1.895.000,-100.000,126 m²,3, Villa,6400 Sønderborg
646,-15 %,120 m²,650.000,550.000,-100.000,960 m²,4, Villa,6400 Sønderborg
647,-6 %,102 m²,848.000,798.000,-50.000,513 m²,3, Villa,6400 Sønderborg
648,-5 %,167 m²,2.095.000,1.995.000,-100.000,785 m²,4, Villa,6400 Sønderborg
649,-11 %,304 m²,1.295.000,1.150.000,-145.000,842 m²,7, Villa,6430 Nordborg
650,-17 %,110 m²,595.000,495.000,-100.000,847 m²,4, Villa,6440 Augustenborg
651,-26 %,0 m²,169.000,125.000,-44.000,1.020 m²,0, Helårsgrund,6470 Sydals
652,-6 %,193 m²,1.695.000,1.595.000,-100.000,855 m²,6, Villa,6500 Vojens
653,-11 %,144 m²,895.000,795.000,-100.000,995 m²,3, Villa,6500 Vojens
654,-3 %,224 m²,1.845.000,1.795.000,-50.000,11.776 m²,9, Villa,6500 Vojens
655,-10 %,196 m²,1.775.000,1.595.000,-180.000,1.127 m²,5, Villa,6520 Toftlund
656,-16 %,98 m²,350.000,295.000,-55.000,0 m²,3, Andelsbolig,6520 Toftlund
657,-18 %,226 m²,1.095.000,895.000,-200.000,1.790 m²,6, Villa,6520 Toftlund
658,-7 %,96 m²,1.175.000,1.095.000,-80.000,0 m²,4, Villa,6600 Vejen
659,-8 %,182 m²,2.995.000,2.750.000,-245.000,1.506 m²,4, Villa,6623 Vorbasse
660,-4 %,167 m²,2.485.000,2.385.000,-100.000,1.350 m²,5, Villa,6630 Rødding
661,-15 %,156 m²,645.000,549.000,-96.000,785 m²,8, Villa,6630 Rødding
662,-5 %,133 m²,995.000,945.000,-50.000,650 m²,5, Villa,6630 Rødding
663,-11 %,175 m²,895.000,795.000,-100.000,603 m²,6, Villa,6630 Rødding
664,-6 %,129 m²,895.000,845.000,-50.000,998 m²,4, Villa,6630 Rødding
665,-7 %,279 m²,4.495.000,4.195.000,-300.000,29.000 m²,7, Landejendom,6640 Lunderskov
666,-7 %,177 m²,1.075.000,995.000,-80.000,941 m²,5, Villa,6670 Holsted
667,-6 %,149 m²,2.698.000,2.548.000,-150.000,430 m²,6, Villa,6700 Esbjerg
668,-3 %,123 m²,1.898.000,1.848.000,-50.000,745 m²,5, Villa,6700 Esbjerg
669,-5 %,157 m²,1.998.000,1.898.000,-100.000,828 m²,5, Villa,6700 Esbjerg
670,-3 %,173 m²,1.498.000,1.448.000,-50.000,1.000 m²,6, Villa,6705 Esbjerg Ø
671,-4 %,93 m²,1.198.000,1.148.000,-50.000,960 m²,3, Villalejlighed,6705 Esbjerg Ø
672,-4 %,154 m²,1.948.000,1.875.000,-73.000,789 m²,6, Villa,6705 Esbjerg Ø
673,-7 %,124 m²,2.848.000,2.648.000,-200.000,119 m²,3, Villa,6710 Esbjerg V
674,-6 %,195 m²,2.495.000,2.349.000,-146.000,773 m²,6, Villa,6710 Esbjerg V
675,-3 %,207 m²,1.745.000,1.695.000,-50.000,5.454 m²,8, Villa,6710 Esbjerg V
676,-5 %,125 m²,2.098.000,1.998.000,-100.000,711 m²,5, Villa,6715 Esbjerg N
677,-3 %,144 m²,1.898.000,1.845.000,-53.000,725 m²,5, Villa,6715 Esbjerg N
678,-7 %,85 m²,1.495.000,1.395.000,-100.000,1.205 m²,4, Fritidshus,6720 Fanø
679,-6 %,130 m²,1.548.000,1.448.000,-100.000,775 m²,4, Villa,6731 Tjæreborg
680,-5 %,143 m²,1.498.000,1.425.000,-73.000,921 m²,4, Villa,6740 Bramming
681,-9 %,162 m²,1.648.000,1.498.000,-150.000,792 m²,6, Villa,6740 Bramming
682,-7 %,105 m²,1.698.000,1.573.000,-125.000,419 m²,4, Villa,6740 Bramming
683,-5 %,170 m²,1.895.000,1.795.000,-100.000,817 m²,6, Villa,6760 Ribe
684,-6 %,132 m²,948.000,895.000,-53.000,5.916 m²,5, Villa,6760 Ribe
685,-6 %,135 m²,895.000,845.000,-50.000,1.801 m²,5, Villa,6760 Ribe
686,-7 %,119 m²,695.000,645.000,-50.000,883 m²,4, Villa,6771 Gredstedbro
687,-5 %,147 m²,995.000,945.000,-50.000,665 m²,3, Villa,6780 Skærbæk
688,-4 %,98 m²,495.000,475.000,-20.000,775 m²,3, Villa,6780 Skærbæk
689,-15 %,132 m²,998.000,850.000,-148.000,2.158 m²,4, Villa,6800 Varde
690,-8 %,179 m²,2.595.000,2.395.000,-200.000,2.696 m²,7, Villa,6800 Varde
691,-5 %,139 m²,1.475.000,1.395.000,-80.000,753 m²,5, Villa,6800 Varde
692,-12 %,148 m²,595.000,525.000,-70.000,1.065 m²,6, Villa,6800 Varde
693,-23 %,0 m²,195.000,150.000,-45.000,412 m²,0, Helårsgrund,6800 Varde
694,-2 %,115 m²,920.000,898.000,-22.000,942 m²,4, Villa,6800 Varde
695,-7 %,128 m²,745.000,695.000,-50.000,0 m²,4, Andelsbolig,6800 Varde
696,-2 %,169 m²,948.000,925.000,-23.000,700 m²,6, Villa,6800 Varde
697,-4 %,202 m²,2.398.000,2.298.000,-100.000,8.037 m²,4, Villa,6818 Årre
698,-19 %,97 m²,1.475.000,1.195.000,-280.000,1.814 m²,4, Fritidshus,6830 Nørre Nebel
699,-9 %,96 m²,385.000,349.000,-36.000,712 m²,5, Villa,6830 Nørre Nebel
700,-3 %,151 m²,1.825.000,1.775.000,-50.000,1.800 m²,4, Fritidshus,6840 Oksbøl
701,-4 %,137 m²,725.000,695.000,-30.000,7.760 m²,5, Villa,6851 Janderup Vestj
702,-1 %,134 m²,1.392.000,1.384.000,-8.000,1.036 m²,4, Villa,6852 Billum
703,-12 %,29 m²,335.000,295.000,-40.000,1.327 m²,1, Fritidshus,6854 Henne
704,-11 %,139 m²,898.000,798.000,-100.000,2.436 m²,4, Villa,6855 Ovtrup
705,-4 %,188 m²,1.150.000,1.099.000,-51.000,1.057 m²,6, Villa,6855 Ovtrup
706,-8 %,230 m²,4.995.000,4.575.000,-420.000,2.304 m²,6, Fritidshus,6857 Blåvand
707,-9 %,88 m²,1.095.000,995.000,-100.000,1.000 m²,4, Fritidshus,6880 Tarm
708,-4 %,63 m²,1.250.000,1.195.000,-55.000,416 m²,4, Fritidshus,6893 Hemmet
709,-6 %,58 m²,525.000,495.000,-30.000,925 m²,3, Fritidshus,6893 Hemmet
710,-17 %,84 m²,785.000,650.000,-135.000,502 m²,3, Villa,6900 Skjern
711,-12 %,174 m²,3.400.000,2.995.000,-405.000,189.117 m²,3, Landejendom,6933 Kibæk
712,-20 %,102 m²,495.000,395.000,-100.000,623 m²,4, Villa,6933 Kibæk
713,-7 %,141 m²,745.000,695.000,-50.000,830 m²,4, Villa,6933 Kibæk
714,-5 %,132 m²,1.095.000,1.045.000,-50.000,2.367 m²,7, Fritidshus,6950 Ringkøbing
715,-4 %,123 m²,495.000,475.000,-20.000,1.786 m²,6, Villa,6950 Ringkøbing
716,-5 %,152 m²,895.000,850.000,-45.000,800 m²,6, Villa,6950 Ringkøbing
717,-8 %,147 m²,1.250.000,1.150.000,-100.000,1.398 m²,5, Villa,6950 Ringkøbing
718,-7 %,205 m²,2.245.000,2.095.000,-150.000,780 m²,5, Villa,6950 Ringkøbing
719,-6 %,174 m²,795.000,745.000,-50.000,1.705 m²,5, Villa,6950 Ringkøbing
720,-5 %,177 m²,1.995.000,1.895.000,-100.000,734 m²,6, Villa,6960 Hvide Sande
721,-4 %,75 m²,1.175.000,1.125.000,-50.000,1.205 m²,4, Fritidshus,6960 Hvide Sande
722,-7 %,191 m²,1.065.000,995.000,-70.000,1.107 m²,7, Villa,6980 Tim
723,-8 %,64 m²,650.000,595.000,-55.000,900 m²,4, Fritidshus,6990 Ulfborg
724,-12 %,117 m²,675.000,595.000,-80.000,717 m²,3, Villa,6990 Ulfborg
725,-3 %,40 m²,770.000,745.000,-25.000,585 m²,3, Fritidshus,6990 Ulfborg
726,-5 %,257 m²,2.245.000,2.125.000,-120.000,1.066 m²,8, Villa,7000 Fredericia
727,-4 %,150 m²,3.450.000,3.295.000,-155.000,617 m²,5, Villa,7000 Fredericia
728,-4 %,143 m²,1.395.000,1.345.000,-50.000,0 m²,4, Ejerlejlighed,7000 Fredericia
729,-4 %,163 m²,2.598.000,2.498.000,-100.000,567 m²,7, Villa,7000 Fredericia
730,-8 %,60 m²,1.195.000,1.095.000,-100.000,1.146 m²,4, Fritidshus,7080 Børkop
731,-4 %,71 m²,1.345.000,1.295.000,-50.000,1.201 m²,4, Fritidshus,7080 Børkop
732,-6 %,160 m²,1.795.000,1.695.000,-100.000,1.000 m²,6, Villa,7100 Vejle
733,-5 %,92 m²,1.095.000,1.045.000,-50.000,696 m²,4, Villa,7100 Vejle
734,-2 %,108 m²,1.425.000,1.395.000,-30.000,618 m²,3, Villalejlighed,7100 Vejle
735,-6 %,95 m²,1.595.000,1.495.000,-100.000,870 m²,3, Villa,7100 Vejle
736,-5 %,184 m²,1.995.000,1.895.000,-100.000,1.203 m²,7, Villa,7100 Vejle
737,-5 %,155 m²,2.195.000,2.095.000,-100.000,1.114 m²,4, Villa,7100 Vejle
738,-4 %,55 m²,298.000,285.000,-13.000,0 m²,2, Andelsbolig,7100 Vejle
739,-5 %,138 m²,2.995.000,2.845.000,-150.000,804 m²,4, Villa,7100 Vejle
740,-4 %,132 m²,2.600.000,2.495.000,-105.000,760 m²,4, Villa,7120 Vejle Øst
741,-6 %,128 m²,1.595.000,1.495.000,-100.000,817 m²,5, Villa,7120 Vejle Øst
742,-14 %,0 m²,345.000,295.000,-50.000,927 m²,0, Helårsgrund,7120 Vejle Øst
743,-4 %,170 m²,7.775.000,7.485.000,-290.000,1.759 m²,7, Villa,7120 Vejle Øst
744,-7 %,174 m²,5.695.000,5.295.000,-400.000,1.078 m²,4, Villa,7120 Vejle Øst
745,-8 %,97 m²,1.295.000,1.195.000,-100.000,745 m²,6, Fritidshus,7130 Juelsminde
746,-4 %,80 m²,2.595.000,2.495.000,-100.000,0 m²,5, Fritidshus,7130 Juelsminde
747,-3 %,109 m²,1.695.000,1.645.000,-50.000,854 m²,4, Fritidshus,7130 Juelsminde
748,-4 %,40 m²,825.000,795.000,-30.000,655 m²,2, Fritidshus,7130 Juelsminde
749,-4 %,95 m²,1.795.000,1.715.000,-80.000,1 m²,4, Fritidshus,7130 Juelsminde
750,-10 %,133 m²,1.039.000,935.000,-104.000,539 m²,4, Villa,7150 Barrit
751,-4 %,142 m²,1.195.000,1.150.000,-45.000,598 m²,5, Villa,7160 Tørring
752,-5 %,112 m²,945.000,895.000,-50.000,1.617 m²,2, Villa,7182 Bredsten
753,-3 %,193 m²,3.285.000,3.195.000,-90.000,2.249 m²,6, Villa,7183 Randbøl
754,-3 %,82 m²,1.795.000,1.750.000,-45.000,315 m²,4, Fritidshus,7190 Billund
755,-6 %,203 m²,2.595.000,2.445.000,-150.000,1.165 m²,6, Villa,7190 Billund
756,-6 %,89 m²,695.000,650.000,-45.000,369 m²,3, Rækkehus,7260 Sønder Omme
757,-34 %,88 m²,295.000,195.000,-100.000,706 m²,4, Villa,7270 Stakroge
758,-4 %,662 m²,8.200.000,7.895.000,-305.000,100.195 m²,16, Landejendom,7300 Jelling
759,-9 %,180 m²,3.285.000,2.995.000,-290.000,238.486 m²,6, Landejendom,7321 Gadbjerg
760,-12 %,141 m²,450.000,395.000,-55.000,785 m²,4, Villa,7321 Gadbjerg
761,-7 %,173 m²,799.000,745.000,-54.000,1.191 m²,4, Villa,7323 Give
762,-4 %,113 m²,1.145.000,1.095.000,-50.000,396 m²,4, Villa,7323 Give
763,-6 %,170 m²,1.695.000,1.595.000,-100.000,1.496 m²,5, Villa,7330 Brande
764,-6 %,149 m²,1.625.000,1.525.000,-100.000,814 m²,5, Villa,7330 Brande
765,-4 %,141 m²,1.585.000,1.525.000,-60.000,1.027 m²,5, Villa,7330 Brande
766,-24 %,97 m²,165.000,125.000,-40.000,0 m²,3, Andelsbolig,7400 Herning
767,-8 %,200 m²,2.175.000,1.995.000,-180.000,718 m²,8, Villa,7400 Herning
768,-5 %,121 m²,2.095.000,1.995.000,-100.000,616 m²,5, Villa,7400 Herning
769,-6 %,200 m²,3.175.000,2.995.000,-180.000,1.122 m²,6, Villa,7400 Herning
770,-3 %,110 m²,1.595.000,1.550.000,-45.000,665 m²,3, Villa,7400 Herning
771,-4 %,95 m²,1.895.000,1.820.000,-75.000,0 m²,4, Ejerlejlighed,7400 Herning
772,-8 %,151 m²,1.195.000,1.095.000,-100.000,1.057 m²,4, Villa,7400 Herning
773,-7 %,177 m²,1.495.000,1.395.000,-100.000,1.373 m²,6, Villa,7400 Herning
774,-8 %,158 m²,1.295.000,1.195.000,-100.000,650 m²,7, Villa,7400 Herning
775,-3 %,173 m²,3.200.000,3.095.000,-105.000,863 m²,6, Villa,7400 Herning
776,-3 %,152 m²,1.745.000,1.695.000,-50.000,700 m²,5, Villa,7400 Herning
777,-4 %,153 m²,1.385.000,1.335.000,-50.000,17.041 m²,5, Landejendom,7400 Herning
778,-8 %,72 m²,1.295.000,1.195.000,-100.000,663 m²,2, Villa,7400 Herning
779,-6 %,133 m²,1.795.000,1.695.000,-100.000,517 m²,5, Villa,7400 Herning
780,-4 %,196 m²,2.550.000,2.450.000,-100.000,809 m²,9, Villa,7430 Ikast
781,-5 %,174 m²,1.895.000,1.795.000,-100.000,811 m²,5, Villa,7430 Ikast
782,-6 %,157 m²,775.000,725.000,-50.000,993 m²,5, Villa,7441 Bording
783,-3 %,199 m²,1.545.000,1.495.000,-50.000,840 m²,6, Villa,7490 Aulum
784,-6 %,208 m²,1.590.000,1.495.000,-95.000,938 m²,7, Villa,7500 Holstebro
785,-4 %,167 m²,2.545.000,2.445.000,-100.000,1.006 m²,5, Villa,7500 Holstebro
786,-8 %,177 m²,2.329.500,2.154.500,-175.000,0 m²,6, Villa,7500 Holstebro
787,-8 %,177 m²,2.329.500,2.154.500,-175.000,0 m²,6, Villa,7500 Holstebro
788,-9 %,157 m²,2.350.000,2.150.000,-200.000,625 m²,6, Villa,7500 Holstebro
789,-4 %,182 m²,3.295.000,3.175.000,-120.000,905 m²,6, Villa,7500 Holstebro
790,-8 %,155 m²,2.128.000,1.953.000,-175.000,0 m²,4, Villa,7500 Holstebro
791,-8 %,155 m²,2.128.000,1.953.000,-175.000,0 m²,4, Villa,7500 Holstebro
792,-6 %,156 m²,1.995.000,1.875.000,-120.000,919 m²,8, Villa,7600 Struer
793,-6 %,168 m²,1.269.000,1.195.000,-74.000,301 m²,5, Villa,7600 Struer
794,-10 %,190 m²,550.000,495.000,-55.000,1.102 m²,7, Villa,7600 Struer
795,-4 %,91 m²,1.425.000,1.375.000,-50.000,928 m²,4, Fritidshus,7620 Lemvig
796,-11 %,117 m²,395.000,350.000,-45.000,552 m²,4, Villa,7650 Bøvlingbjerg
797,-6 %,74 m²,850.000,795.000,-55.000,825 m²,4, Fritidshus,7673 Harboøre
798,-3 %,135 m²,1.495.000,1.445.000,-50.000,1.256 m²,5, Fritidshus,7673 Harboøre
799,-10 %,289 m²,995.000,895.000,-100.000,648 m²,8, Villa,7680 Thyborøn
800,-4 %,79 m²,1.240.000,1.195.000,-45.000,1.700 m²,3, Fritidshus,7700 Thisted
801,-7 %,207 m²,1.500.000,1.395.000,-105.000,13.315 m²,6, Villa,7700 Thisted
802,-4 %,139 m²,1.949.000,1.875.000,-74.000,500 m²,5, Villa,7700 Thisted
803,-4 %,104 m²,675.000,645.000,-30.000,612 m²,4, Villa,7700 Thisted
804,-12 %,147 m²,675.000,595.000,-80.000,833 m²,3, Villa,7700 Thisted
805,-7 %,200 m²,725.000,675.000,-50.000,980 m²,6, Villa,7752 Snedsted
806,-2 %,135 m²,1.925.000,1.895.000,-30.000,700 m²,5, Villa,7752 Snedsted
807,-10 %,221 m²,2.750.000,2.475.000,-275.000,900 m²,6, Villa,7760 Hurup Thy
808,-3 %,154 m²,925.000,895.000,-30.000,700 m²,5, Villa,7800 Skive
809,-5 %,136 m²,945.000,895.000,-50.000,922 m²,5, Villa,7800 Skive
810,-10 %,203 m²,1.195.000,1.075.000,-120.000,1.062 m²,7, Villa,7800 Skive
811,-7 %,226 m²,1.395.000,1.295.000,-100.000,47.977 m²,3, Landejendom,7830 Vinderup
812,-10 %,173 m²,995.000,895.000,-100.000,1.014 m²,6, Villa,7840 Højslev
813,-14 %,80 m²,695.000,595.000,-100.000,2.749 m²,5, Fritidshus,7860 Spøttrup
814,-5 %,126 m²,1.045.000,995.000,-50.000,834 m²,6, Fritidshus,7870 Roslev
815,-14 %,116 m²,695.000,595.000,-100.000,1.033 m²,3, Villa,7870 Roslev
816,-9 %,230 m²,11.500.000,10.500.000,-1.000.000,830.672 m²,6, Landejendom,7870 Roslev
817,-14 %,114 m²,345.000,295.000,-50.000,800 m²,3, Villa,7870 Roslev
818,-8 %,140 m²,595.000,545.000,-50.000,28.279 m²,6, Landejendom,7870 Roslev
819,-10 %,313 m²,3.995.000,3.595.000,-400.000,2.026 m²,7, Villa,7900 Nykøbing M
820,-12 %,184 m²,2.250.000,1.975.000,-275.000,80.478 m²,6, Landejendom,7900 Nykøbing M
821,-3 %,115 m²,4.950.000,4.825.000,-125.000,0 m²,4, Ejerlejlighed,8000 Aarhus C
822,-5 %,58 m²,2.198.000,2.098.000,-100.000,0 m²,2, Ejerlejlighed,8000 Aarhus C
823,-4 %,69 m²,2.498.000,2.398.000,-100.000,0 m²,2, Ejerlejlighed,8000 Aarhus C
824,-2 %,107 m²,4.298.000,4.198.000,-100.000,0 m²,4, Ejerlejlighed,8000 Aarhus C
825,-4 %,102 m²,3.795.000,3.650.000,-145.000,0 m²,3, Ejerlejlighed,8000 Aarhus C
826,-3 %,81 m²,3.198.000,3.095.000,-103.000,0 m²,3, Ejerlejlighed,8000 Aarhus C
827,-3 %,110 m²,2.998.000,2.898.000,-100.000,0 m²,3, Ejerlejlighed,8000 Aarhus C
828,-2 %,69 m²,2.295.000,2.245.000,-50.000,0 m²,2, Ejerlejlighed,8200 Aarhus N
829,-4 %,150 m²,3.850.000,3.695.000,-155.000,658 m²,5, Villa,8200 Aarhus N
830,-1 %,112 m²,3.995.000,3.945.000,-50.000,441 m²,3, Villa,8200 Aarhus N
831,-3 %,72 m²,2.149.000,2.075.000,-74.000,0 m²,3, Ejerlejlighed,8200 Aarhus N
832,-4 %,57 m²,1.685.000,1.625.000,-60.000,0 m²,2, Ejerlejlighed,8210 Aarhus V
833,-4 %,197 m²,5.600.000,5.350.000,-250.000,1.299 m²,7, Villa,8210 Aarhus V
834,-3 %,99 m²,2.895.000,2.795.000,-100.000,0 m²,3, Ejerlejlighed,8210 Aarhus V
835,-6 %,161 m²,3.175.000,2.998.000,-177.000,1.304 m²,6, Villa,8210 Aarhus V
836,-5 %,151 m²,4.198.000,3.998.000,-200.000,774 m²,6, Villa,8230 Åbyhøj
837,-4 %,170 m²,6.995.000,6.695.000,-300.000,995 m²,7, Villa,8230 Åbyhøj
838,-2 %,134 m²,5.198.000,5.098.000,-100.000,518 m²,5, Villa,8230 Åbyhøj
839,-3 %,143 m²,6.199.000,5.995.000,-204.000,788 m²,6, Villa,8240 Risskov
840,-5 %,207 m²,7.995.000,7.600.000,-395.000,1.129 m²,6, Villa,8240 Risskov
841,-2 %,68 m²,1.625.000,1.595.000,-30.000,0 m²,2, Ejerlejlighed,8240 Risskov
842,-7 %,52 m²,1.495.000,1.395.000,-100.000,0 m²,2, Ejerlejlighed,8240 Risskov
843,-2 %,198 m²,5.598.000,5.498.000,-100.000,870 m²,6, Villa,8240 Risskov
844,-3 %,200 m²,4.648.000,4.500.000,-148.000,2.875 m²,5, Villa,8250 Egå
845,-7 %,96 m²,5.900.000,5.500.000,-400.000,590 m²,4, Fritidshus,8250 Egå
846,-6 %,163 m²,4.995.000,4.700.000,-295.000,817 m²,6, Villa,8250 Egå
847,-3 %,123 m²,5.795.000,5.645.000,-150.000,768 m²,4, Villa,8260 Viby J
848,-4 %,161 m²,4.150.000,3.998.000,-152.000,800 m²,5, Villa,8260 Viby J
849,-7 %,187 m²,3.850.000,3.595.000,-255.000,1.168 m²,6, Villa,8260 Viby J
850,-13 %,191 m²,3.995.000,3.495.000,-500.000,2.980 m²,6, Villa,8270 Højbjerg
851,-2 %,218 m²,6.295.000,6.195.000,-100.000,898 m²,6, Villa,8270 Højbjerg
852,-3 %,138 m²,3.495.000,3.395.000,-100.000,43.494 m²,4, Landejendom,8300 Odder
853,-14 %,130 m²,1.395.000,1.200.000,-195.000,835 m²,4, Villa,8300 Odder
854,-7 %,63 m²,3.850.000,3.595.000,-255.000,2.600 m²,3, Fritidshus,8305 Samsø
855,-4 %,43 m²,620.000,595.000,-25.000,95 m²,2, Fritidshus,8305 Samsø
856,-4 %,81 m²,1.745.000,1.675.000,-70.000,1.247 m²,4, Fritidshus,8305 Samsø
857,-5 %,170 m²,2.095.000,1.999.000,-96.000,384 m²,5, Rækkehus,8310 Tranbjerg J
858,-9 %,130 m²,5.295.000,4.795.000,-500.000,99.505 m²,6, Landejendom,8320 Mårslet
859,-3 %,142 m²,3.498.000,3.398.000,-100.000,200 m²,6, Rækkehus,8330 Beder
860,-2 %,185 m²,2.990.000,2.920.000,-70.000,800 m²,5, Villa,8340 Malling
861,-4 %,158 m²,2.798.000,2.698.000,-100.000,887 m²,5, Villa,8361 Hasselager
862,-5 %,218 m²,3.995.000,3.795.000,-200.000,751 m²,6, Villa,8370 Hadsten
863,-4 %,157 m²,2.295.000,2.195.000,-100.000,750 m²,6, Villa,8370 Hadsten
864,-5 %,188 m²,3.298.000,3.148.000,-150.000,744 m²,5, Villa,8381 Tilst
865,-6 %,188 m²,1.998.000,1.875.000,-123.000,910 m²,5, Villa,8381 Tilst
866,-6 %,112 m²,1.695.000,1.595.000,-100.000,810 m²,4, Villa,8382 Hinnerup
867,-10 %,50 m²,995.000,895.000,-100.000,98 m²,2, Rækkehus,8382 Hinnerup
868,-6 %,91 m²,745.000,698.000,-47.000,1.277 m²,5, Fritidshus,8400 Ebeltoft
869,-8 %,166 m²,2.998.000,2.748.000,-250.000,1.576 m²,7, Fritidshus,8400 Ebeltoft
870,-6 %,142 m²,1.595.000,1.495.000,-100.000,1.210 m²,5, Villa,8400 Ebeltoft
871,-8 %,63 m²,1.195.000,1.095.000,-100.000,925.870 m²,3, Fritidshus,8400 Ebeltoft
872,-12 %,82 m²,650.000,575.000,-75.000,757 m²,4, Villa,8400 Ebeltoft
873,-7 %,227 m²,1.398.000,1.298.000,-100.000,1.089 m²,7, Villa,8400 Ebeltoft
874,-8 %,83 m²,895.000,825.000,-70.000,1.300 m²,3, Fritidshus,8400 Ebeltoft
875,-6 %,65 m²,895.000,845.000,-50.000,1.358 m²,4, Fritidshus,8400 Ebeltoft
876,-1 %,63 m²,1.095.000,1.089.000,-6.000,956.025 m²,3, Fritidshus,8400 Ebeltoft
877,-7 %,147 m²,1.395.000,1.295.000,-100.000,922 m²,4, Villa,8400 Ebeltoft
878,-4 %,67 m²,675.000,650.000,-25.000,1.208 m²,4, Fritidshus,8400 Ebeltoft
879,-2 %,232 m²,4.495.000,4.395.000,-100.000,1.755 m²,6, Villa,8410 Rønde
880,-5 %,133 m²,2.998.000,2.848.000,-150.000,967 m²,4, Villa,8410 Rønde
881,-3 %,162 m²,2.998.000,2.898.000,-100.000,869 m²,4, Villa,8410 Rønde
882,-3 %,193 m²,3.198.000,3.098.000,-100.000,901 m²,6, Villa,8410 Rønde
883,-20 %,81 m²,995.000,795.000,-200.000,820 m²,3, Villa,8420 Knebel
884,-10 %,85 m²,1.995.000,1.795.000,-200.000,710 m²,3, Fritidshus,8420 Knebel
885,-3 %,191 m²,825.000,798.000,-27.000,790 m²,5, Villa,8444 Balle
886,-8 %,252 m²,6.500.000,6.000.000,-500.000,27.700 m²,8, Landejendom,8462 Harlev J
887,-8 %,166 m²,2.498.000,2.298.000,-200.000,1.174 m²,5, Villa,8462 Harlev J
888,-4 %,149 m²,2.795.000,2.695.000,-100.000,803 m²,4, Villa,8462 Harlev J
889,-4 %,144 m²,2.595.000,2.495.000,-100.000,703 m²,4, Villa,8462 Harlev J
890,-12 %,56 m²,399.000,350.000,-49.000,0 m²,2, Andelsbolig,8464 Galten
891,-3 %,114 m²,1.950.000,1.898.000,-52.000,624 m²,4, Villa,8464 Galten
892,-4 %,152 m²,2.850.000,2.748.000,-102.000,906 m²,6, Villa,8464 Galten
893,-8 %,136 m²,2.495.000,2.295.000,-200.000,14.904 m²,4, Villa,8471 Sabro
894,-4 %,124 m²,1.345.000,1.295.000,-50.000,0 m²,6, Villa,8500 Grenaa
895,-10 %,87 m²,445.000,399.000,-46.000,401 m²,3, Villa,8500 Grenaa
896,-3 %,149 m²,1.950.000,1.895.000,-55.000,448 m²,6, Rækkehus,8500 Grenaa
897,-6 %,104 m²,948.000,895.000,-53.000,711 m²,3, Villa,8500 Grenaa
898,-4 %,126 m²,1.495.000,1.435.000,-60.000,755 m²,5, Villa,8500 Grenaa
899,-5 %,159 m²,4.199.000,3.999.000,-200.000,819 m²,5, Villa,8520 Lystrup
900,-4 %,139 m²,2.799.000,2.675.000,-124.000,825 m²,4, Villa,8520 Lystrup
901,-8 %,99 m²,1.299.000,1.199.000,-100.000,0 m²,4, Andelsbolig,8541 Skødstrup
902,-4 %,220 m²,1.348.000,1.295.000,-53.000,568 m²,7, Villa,8550 Ryomgård
903,-37 %,71 m²,395.000,250.000,-145.000,1.387 m²,4, Fritidshus,8560 Kolind
904,-18 %,96 m²,398.000,325.000,-73.000,820 m²,3, Villa,8581 Nimtofte
905,-7 %,0 m²,697.000,645.000,-52.000,820 m²,0, Helårsgrund,8585 Glesborg
906,-4 %,198 m²,1.345.000,1.295.000,-50.000,1.211 m²,7, Fritidshus,8585 Glesborg
907,-7 %,163 m²,1.395.000,1.295.000,-100.000,1.479 m²,5, Fritidshus,8585 Glesborg
908,-9 %,58 m²,865.000,785.000,-80.000,1.315 m²,3, Fritidshus,8585 Glesborg
909,-6 %,295 m²,1.795.000,1.695.000,-100.000,1.389 m²,8, Villa,8585 Glesborg
910,-8 %,60 m²,595.000,550.000,-45.000,1.366 m²,3, Fritidshus,8585 Glesborg
911,-7 %,159 m²,1.079.000,999.000,-80.000,1.980 m²,5, Villa,8585 Glesborg
912,-11 %,78 m²,880.000,780.000,-100.000,1.203 m²,4, Fritidshus,8585 Glesborg
913,-17 %,0 m²,295.000,245.000,-50.000,1.329 m²,0, Fritidsgrund,8585 Glesborg
914,-11 %,80 m²,895.000,798.000,-97.000,760 m²,4, Fritidshus,8585 Glesborg
915,-7 %,71 m²,965.000,899.000,-66.000,1.223 m²,5, Fritidshus,8585 Glesborg
916,-6 %,216 m²,2.175.000,2.050.000,-125.000,7.320 m²,9, Villa,8586 Ørum Djurs
917,-43 %,233 m²,10.995.000,6.295.000,-4.700.000,124.253 m²,6, Landejendom,8600 Silkeborg
918,-9 %,122 m²,1.645.000,1.495.000,-150.000,754 m²,4, Villa,8600 Silkeborg
919,-4 %,187 m²,2.395.000,2.295.000,-100.000,700 m²,7, Villa,8600 Silkeborg
920,-4 %,155 m²,2.395.000,2.295.000,-100.000,833 m²,5, Villa,8600 Silkeborg
921,-2 %,91 m²,2.395.000,2.350.000,-45.000,389 m²,2, Villa,8600 Silkeborg
922,-3 %,124 m²,2.050.000,1.998.000,-52.000,700 m²,4, Villa,8600 Silkeborg
923,-3 %,169 m²,3.195.000,3.095.000,-100.000,995 m²,6, Villa,8600 Silkeborg
924,-9 %,155 m²,2.195.000,1.999.000,-196.000,1.071 m²,6, Villa,8600 Silkeborg
925,-6 %,122 m²,635.000,595.000,-40.000,1.379 m²,6, Villa,8620 Kjellerup
926,-3 %,150 m²,1.645.000,1.595.000,-50.000,950 m²,4, Villa,8632 Lemming
927,-2 %,163 m²,2.295.000,2.245.000,-50.000,860 m²,5, Villa,8643 Ans by
928,-4 %,139 m²,2.495.000,2.395.000,-100.000,1.302 m²,4, Villa,8653 Them
929,-3 %,137 m²,1.335.000,1.295.000,-40.000,1.501 m²,4, Villa,8653 Them
930,-4 %,126 m²,2.598.000,2.498.000,-100.000,169 m²,5, Rækkehus,8660 Skanderborg
931,-5 %,226 m²,1.898.000,1.798.000,-100.000,1.822 m²,7, Villa,8660 Skanderborg
932,-4 %,213 m²,4.995.000,4.795.000,-200.000,1.220 m²,6, Villa,8660 Skanderborg
933,-4 %,190 m²,2.599.000,2.499.000,-100.000,807 m²,7, Villa,8670 Låsby
934,-4 %,241 m²,8.195.000,7.900.000,-295.000,5.995 m²,7, Villa,8680 Ry
935,-3 %,211 m²,3.795.000,3.695.000,-100.000,1.281 m²,7, Villa,8680 Ry
936,-5 %,84 m²,2.195.000,2.095.000,-100.000,909 m²,3, Villa,8680 Ry
937,-5 %,139 m²,2.998.000,2.850.000,-148.000,1.282 m²,5, Villa,8680 Ry
938,-3 %,145 m²,3.095.000,2.995.000,-100.000,965 m²,5, Villa,8680 Ry
939,-8 %,157 m²,2.295.000,2.100.000,-195.000,884 m²,5, Villa,8700 Horsens
940,-4 %,157 m²,1.195.000,1.145.000,-50.000,1.804 m²,4, Villa,8700 Horsens
941,-3 %,99 m²,1.499.000,1.450.000,-49.000,1.379 m²,5, Villa,8700 Horsens
942,-2 %,85 m²,1.098.000,1.078.000,-20.000,508 m²,4, Villa,8700 Horsens
943,-3 %,105 m²,1.595.000,1.545.000,-50.000,583 m²,4, Villa,8700 Horsens
944,-22 %,106 m²,250.000,195.000,-55.000,0 m²,3, Andelsbolig,8700 Horsens
945,-5 %,118 m²,1.685.000,1.595.000,-90.000,821 m²,4, Villa,8700 Horsens
946,-10 %,173 m²,1.995.000,1.795.000,-200.000,1.124 m²,7, Villa,8700 Horsens
947,-5 %,117 m²,1.895.000,1.795.000,-100.000,452 m²,4, Villa,8700 Horsens
948,-11 %,83 m²,895.000,795.000,-100.000,19.298 m²,3, Villa,8700 Horsens
949,-3 %,177 m²,1.695.000,1.645.000,-50.000,860 m²,6, Villa,8700 Horsens
950,-2 %,120 m²,1.635.000,1.595.000,-40.000,1.097 m²,6, Villa,8700 Horsens
951,-3 %,67 m²,875.000,845.000,-30.000,515 m²,2, Villa,8722 Hedensted
952,-8 %,124 m²,1.145.000,1.055.000,-90.000,805 m²,3, Villa,8723 Løsning
953,-19 %,0 m²,399.000,325.000,-74.000,1.054 m²,0, Helårsgrund,8732 Hovedgård
954,-3 %,132 m²,1.445.000,1.395.000,-50.000,800 m²,5, Villa,8751 Gedved
955,-4 %,93 m²,1.145.000,1.099.000,-46.000,747 m²,4, Villa,8752 Østbirk
956,-1 %,161 m²,1.395.000,1.375.000,-20.000,284 m²,6, Villa,8752 Østbirk
957,-14 %,132 m²,695.000,595.000,-100.000,784 m²,4, Villa,8800 Viborg
958,-2 %,110 m²,1.725.000,1.695.000,-30.000,744 m²,4, Villa,8800 Viborg
959,-5 %,114 m²,975.000,925.000,-50.000,837 m²,4, Villa,8800 Viborg
960,-5 %,104 m²,1.498.000,1.425.000,-73.000,1.470 m²,3, Ejerlejlighed,8800 Viborg
961,-3 %,90 m²,1.185.000,1.145.000,-40.000,0 m²,3, Ejerlejlighed,8800 Viborg
962,-5 %,155 m²,1.995.000,1.895.000,-100.000,749 m²,5, Villa,8800 Viborg
963,-6 %,117 m²,1.595.000,1.495.000,-100.000,958 m²,3, Villa,8800 Viborg
964,-13 %,204 m²,795.000,695.000,-100.000,10.799 m²,7, Landejendom,8832 Skals
965,-8 %,105 m²,645.000,595.000,-50.000,900 m²,4, Villa,8832 Skals
966,-14 %,118 m²,875.000,750.000,-125.000,970 m²,3, Villa,8840 Rødkærsbro
967,-7 %,190 m²,1.375.000,1.285.000,-90.000,1.229 m²,5, Villa,8840 Rødkærsbro
968,-4 %,172 m²,1.275.000,1.225.000,-50.000,819 m²,6, Villa,8850 Bjerringbro
969,-5 %,185 m²,685.000,650.000,-35.000,962 m²,5, Villa,8850 Bjerringbro
970,-4 %,130 m²,825.000,795.000,-30.000,1.505 m²,5, Villa,8850 Bjerringbro
971,-15 %,93 m²,685.000,585.000,-100.000,971 m²,4, Villa,8860 Ulstrup
972,-3 %,188 m²,1.445.000,1.395.000,-50.000,1.142 m²,8, Villa,8860 Ulstrup
973,-6 %,96 m²,635.000,595.000,-40.000,480 m²,5, Villa,8870 Langå
974,-4 %,90 m²,1.245.000,1.195.000,-50.000,964 m²,4, Villa,8882 Fårvang
975,-8 %,103 m²,1.295.000,1.195.000,-100.000,628 m²,3, Ejerlejlighed,8900 Randers C
976,-2 %,228 m²,2.745.000,2.695.000,-50.000,711 m²,6, Villa,8920 Randers NV
977,-5 %,0 m²,760.000,720.000,-40.000,51.690 m²,0, Landejendom,8920 Randers NV
978,-6 %,188 m²,1.795.000,1.695.000,-100.000,912 m²,6, Villa,8920 Randers NV
979,-20 %,146 m²,2.495.000,1.995.000,-500.000,13.785 m²,6, Villa,8920 Randers NV
980,-7 %,134 m²,1.495.000,1.395.000,-100.000,551 m²,4, Villa,8920 Randers NV
981,-4 %,189 m²,1.845.000,1.775.000,-70.000,1.143 m²,5, Villa,8920 Randers NV
982,-6 %,175 m²,1.595.000,1.495.000,-100.000,729 m²,6, Villa,8930 Randers NØ
983,-7 %,78 m²,848.000,785.000,-63.000,0 m²,3, Ejerlejlighed,8930 Randers NØ
984,-4 %,115 m²,1.395.000,1.345.000,-50.000,520 m²,5, Villa,8960 Randers SØ
985,-17 %,101 m²,595.000,495.000,-100.000,154 m²,4, Rækkehus,8960 Randers SØ
986,-6 %,95 m²,1.175.000,1.099.000,-76.000,0 m²,3, Ejerlejlighed,8960 Randers SØ
987,-3 %,153 m²,2.680.000,2.598.000,-82.000,1.120 m²,5, Villa,8960 Randers SØ
988,-3 %,79 m²,1.095.000,1.065.000,-30.000,1.200 m²,4, Fritidshus,8961 Allingåbro
989,-3 %,102 m²,1.395.000,1.360.000,-35.000,1.207 m²,3, Villa,8963 Auning
990,-4 %,146 m²,1.395.000,1.335.000,-60.000,840 m²,4, Villa,8970 Havndal
991,-9 %,135 m²,1.100.000,1.000.000,-100.000,4.325 m²,5, Villa,8983 Gjerlev J.
992,-5 %,108 m²,2.098.000,1.998.000,-100.000,0 m²,3, Ejerlejlighed,9000 Aalborg
993,-6 %,240 m²,5.298.000,4.998.000,-300.000,977 m²,8, Villa,9000 Aalborg
994,-2 %,89 m²,2.395.000,2.345.000,-50.000,0 m²,3, Ejerlejlighed,9000 Aalborg
995,-3 %,142 m²,3.095.000,2.995.000,-100.000,0 m²,4, Ejerlejlighed,9000 Aalborg
996,-4 %,115 m²,2.595.000,2.495.000,-100.000,0 m²,3, Ejerlejlighed,9000 Aalborg
997,-3 %,109 m²,1.845.000,1.795.000,-50.000,0 m²,5, Rækkehus,9000 Aalborg
998,-1 %,57 m²,1.395.000,1.375.000,-20.000,0 m²,2, Ejerlejlighed,9000 Aalborg
999,-3 %,96 m²,2.398.000,2.328.000,-70.000,340 m²,4, Rækkehus,9000 Aalborg
1000,-3 %,154 m²,3.495.000,3.395.000,-100.000,981 m²,5, Villa,9210 Aalborg SØ
1001,-5 %,171 m²,2.098.000,1.998.000,-100.000,752 m²,6, Villa,9230 Svenstrup J.
1002,-3 %,152 m²,3.075.000,2.975.000,-100.000,707 m²,5, Villa,9230 Svenstrup J.
1003,-6 %,98 m²,1.495.000,1.399.000,-96.000,746 m²,5, Villa,9230 Svenstrup J.
1004,-10 %,130 m²,1.998.000,1.799.000,-199.000,1.000 m²,3, Villa,9230 Svenstrup J.
1005,-3 %,120 m²,1.795.000,1.750.000,-45.000,339 m²,4, Villa,9230 Svenstrup J.
1006,-3 %,164 m²,2.350.000,2.275.000,-75.000,804 m²,4, Villa,9230 Svenstrup J.
1007,-5 %,171 m²,945.000,895.000,-50.000,1.390 m²,6, Villa,9240 Nibe
1008,-5 %,176 m²,1.998.000,1.898.000,-100.000,703 m²,5, Villa,9270 Klarup
1009,-6 %,116 m²,795.000,745.000,-50.000,1.000 m²,4, Villa,9293 Kongerslev
1010,-13 %,270 m²,1.498.000,1.298.000,-200.000,1.259 m²,7, Villa,9300 Sæby
1011,-9 %,143 m²,1.095.000,998.000,-97.000,15.000 m²,3, Villa,9300 Sæby
1012,-7 %,147 m²,2.145.000,1.995.000,-150.000,64.070 m²,4, Landejendom,9310 Vodskov
1013,-2 %,202 m²,2.195.000,2.145.000,-50.000,1.057 m²,6, Villa,9310 Vodskov
1014,-4 %,135 m²,1.245.000,1.195.000,-50.000,850 m²,3, Villa,9310 Vodskov
1015,-3 %,179 m²,2.898.000,2.825.000,-73.000,906 m²,5, Villa,9320 Hjallerup
1016,-3 %,110 m²,1.125.000,1.095.000,-30.000,568 m²,4, Villa,9330 Dronninglund
1017,-5 %,253 m²,2.945.000,2.799.000,-146.000,1.402 m²,8, Villa,9330 Dronninglund
1018,-4 %,182 m²,2.600.000,2.499.000,-101.000,10.352 m²,5, Villa,9362 Gandrup
1019,-6 %,148 m²,1.750.000,1.650.000,-100.000,1.012 m²,4, Villa,9370 Hals
1020,-4 %,70 m²,875.000,840.000,-35.000,7.514 m²,3, Fritidshus,9370 Hals
1021,-4 %,215 m²,3.395.000,3.245.000,-150.000,30.090 m²,6, Villa,9370 Hals
1022,-7 %,200 m²,2.695.000,2.495.000,-200.000,1.640 m²,5, Villa,9370 Hals
1023,-3 %,218 m²,1.545.000,1.495.000,-50.000,6.339 m²,5, Landejendom,9382 Tylstrup
1024,-4 %,75 m²,1.300.000,1.250.000,-50.000,0 m²,3, Ejerlejlighed,9400 Nørresundby
1025,-2 %,160 m²,2.495.000,2.445.000,-50.000,735 m²,6, Villa,9430 Vadum
1026,-3 %,112 m²,900.000,875.000,-25.000,532 m²,4, Villa,9440 Aabybro
1027,-6 %,203 m²,1.795.000,1.695.000,-100.000,700 m²,6, Villa,9440 Aabybro
1028,-6 %,158 m²,1.595.000,1.495.000,-100.000,1.629 m²,6, Villa,9440 Aabybro
1029,-9 %,94 m²,275.000,250.000,-25.000,0 m²,3, Andelsbolig,9460 Brovst
1030,-6 %,210 m²,650.000,610.000,-40.000,873 m²,7, Villa,9460 Brovst
1031,-7 %,87 m²,375.000,350.000,-25.000,230 m²,4, Villa,9460 Brovst
1032,-8 %,157 m²,1.250.000,1.150.000,-100.000,4.975 m²,6, Landejendom,9460 Brovst
1033,-9 %,74 m²,2.298.000,2.098.000,-200.000,4.405 m²,4, Fritidshus,9480 Løkken
1034,-8 %,66 m²,650.000,595.000,-55.000,848 m²,2, Fritidshus,9480 Løkken
1035,-7 %,65 m²,749.000,695.000,-54.000,1.810 m²,3, Fritidshus,9490 Pandrup
1036,-5 %,126 m²,4.295.000,4.095.000,-200.000,1.120 m²,4, Fritidshus,9492 Blokhus
1037,-13 %,322 m²,5.995.000,5.195.000,-800.000,5.429 m²,8, Villa,9520 Skørping
1038,-3 %,111 m²,406.005,393.145,-12.860,0 m²,3, Andelsbolig,9530 Støvring
1039,-4 %,156 m²,2.249.000,2.150.000,-99.000,1.100 m²,5, Villa,9530 Støvring
1040,-5 %,223 m²,4.195.000,3.995.000,-200.000,1.000 m²,5, Villa,9530 Støvring
1041,-1 %,158 m²,2.245.000,2.225.000,-20.000,717 m²,5, Villa,9560 Hadsund
1042,-3 %,111 m²,1.175.000,1.145.000,-30.000,550 m²,6, Villa,9560 Hadsund
1043,-6 %,83 m²,845.000,795.000,-50.000,2.520 m²,4, Fritidshus,9560 Hadsund
1044,-8 %,120 m²,395.000,365.000,-30.000,956 m²,5, Villa,9560 Hadsund
1045,-4 %,234 m²,3.088.000,2.950.000,-138.000,3.050 m²,8, Villa,9560 Hadsund
1046,-17 %,91 m²,1.098.000,915.000,-183.000,801 m²,4, Fritidshus,9560 Hadsund
1047,-8 %,101 m²,595.000,545.000,-50.000,0 m²,4, Ejerlejlighed,9560 Hadsund
1048,-5 %,135 m²,1.895.000,1.795.000,-100.000,816 m²,4, Villa,9600 Aars
1049,-11 %,187 m²,1.345.000,1.198.000,-147.000,1.285 m²,5, Villa,9600 Aars
1050,-5 %,173 m²,3.295.000,3.145.000,-150.000,1.696 m²,5, Villa,9600 Aars
1051,-13 %,127 m²,798.000,698.000,-100.000,555 m²,5, Villa,9620 Aalestrup
1052,-10 %,86 m²,995.000,895.000,-100.000,812 m²,4, Fritidshus,9640 Farsø
1053,-9 %,59 m²,1.095.000,995.000,-100.000,1.237 m²,3, Fritidshus,9640 Farsø
1054,-4 %,108 m²,825.000,795.000,-30.000,5.935 m²,6, Villa,9670 Løgstør
1055,-9 %,45 m²,435.000,395.000,-40.000,1.602 m²,3, Fritidshus,9670 Løgstør
1056,-6 %,165 m²,795.000,745.000,-50.000,766 m²,6, Villa,9670 Løgstør
1057,-8 %,56 m²,598.000,548.000,-50.000,1.600 m²,3, Fritidshus,9670 Løgstør
1058,-30 %,160 m²,395.000,275.000,-120.000,315 m²,5, Villa,9681 Ranum
1059,-2 %,92 m²,1.225.000,1.195.000,-30.000,88.832 m²,5, Fritidshus,9681 Ranum
1060,-10 %,88 m²,485.000,435.000,-50.000,0 m²,3, Andelsbolig,9690 Fjerritslev
1061,-8 %,169 m²,975.000,898.000,-77.000,810 m²,6, Villa,9690 Fjerritslev
1062,-12 %,88 m²,565.000,495.000,-70.000,373 m²,2, Villa,9700 Brønderslev
1063,-10 %,131 m²,550.000,495.000,-55.000,830 m²,6, Villa,9700 Brønderslev
1064,-5 %,90 m²,1.095.000,1.045.000,-50.000,690 m²,4, Villa,9700 Brønderslev
1065,-6 %,112 m²,795.000,745.000,-50.000,800 m²,3, Villa,9700 Brønderslev
1066,-3 %,179 m²,1.995.000,1.945.000,-50.000,917 m²,5, Villa,9700 Brønderslev
1067,-8 %,140 m²,1.195.000,1.095.000,-100.000,949 m²,4, Villa,9800 Hjørring
1068,-9 %,106 m²,380.000,345.000,-35.000,666 m²,4, Villa,9800 Hjørring
1069,-7 %,137 m²,1.495.000,1.395.000,-100.000,932 m²,4, Villa,9800 Hjørring
1070,-17 %,77 m²,1.195.000,995.000,-200.000,1.258 m²,4, Fritidshus,9800 Hjørring
1071,-3 %,134 m²,1.595.000,1.545.000,-50.000,708 m²,4, Villa,9800 Hjørring
1072,-9 %,89 m²,1.095.000,995.000,-100.000,405 m²,4, Villa,9800 Hjørring
1073,-9 %,214 m²,3.295.000,2.995.000,-300.000,1.125 m²,8, Villa,9800 Hjørring
1074,-6 %,123 m²,1.795.000,1.695.000,-100.000,399 m²,0, Villa,9800 Hjørring
1075,-7 %,81 m²,1.495.000,1.395.000,-100.000,1.258 m²,4, Fritidshus,9800 Hjørring
1076,-4 %,61 m²,1.550.000,1.495.000,-55.000,2.082 m²,3, Fritidshus,9800 Hjørring
1077,-8 %,197 m²,1.945.000,1.795.000,-150.000,1.350 m²,5, Villa,9850 Hirtshals
1078,-5 %,87 m²,1.895.000,1.795.000,-100.000,1.447 m²,5, Fritidshus,9850 Hirtshals
1079,-4 %,151 m²,835.000,798.000,-37.000,1.327 m²,0, Villa,9870 Sindal
1080,-5 %,98 m²,1.265.000,1.200.000,-65.000,5.187 m²,4, Fritidshus,9881 Bindslev
1081,-6 %,72 m²,1.585.000,1.495.000,-90.000,2.306 m²,5, Fritidshus,9881 Bindslev
1082,-5 %,150 m²,3.895.000,3.695.000,-200.000,1.293 m²,4, Villa,9900 Frederikshavn
1083,-7 %,150 m²,695.000,645.000,-50.000,499 m²,3, Villa,9900 Frederikshavn
1084,-8 %,200 m²,1.195.000,1.095.000,-100.000,2.128 m²,6, Villa,9900 Frederikshavn
1085,-4 %,196 m²,1.295.000,1.245.000,-50.000,521 m²,8, Villa,9900 Frederikshavn
1086,-9 %,98 m²,1.095.000,995.000,-100.000,427 m²,3, Villa,9900 Frederikshavn
1087,-3 %,160 m²,1.595.000,1.545.000,-50.000,759 m²,4, Villa,9900 Frederikshavn
1088,-6 %,150 m²,1.595.000,1.495.000,-100.000,770 m²,5, Villa,9900 Frederikshavn
1089,-9 %,50 m²,2.195.000,1.995.000,-200.000,328 m²,4, Fritidshus,9940 Læsø
1090,-2 %,92 m²,2.995.000,2.945.000,-50.000,1.111 m²,3, Ejerlejlighed,9990 Skagen
1091,-6 %,138 m²,1.595.000,1.495.000,-100.000,785 m²,4, Villa,9990 Skagen
